{"time":"2026-09-05T06:01:59.385Z","event":"server.started","port":3002,"url":"http://localhost:3002"}
{"time":"2026-09-05T06:02:22.096Z","event":"request","id":"be3e04a6-2771-4ed3-b454-71e8a0a022a1","method":"POST","path":"/api/v1/notes/ai","ms":17597}
{"time":"2026-09-05T06:02:31.425Z","event":"request","id":"b531e611-c95c-4ecb-bb5e-edffffd819c3","method":"GET","path":"/api/v1/notes","ms":1}
{"time":"2026-09-05T06:02:31.504Z","event":"request.error","id":"a3bc4068-1eed-4f62-a7e4-66e874b27cbe","method":"DELETE","status":400,"code":"INVALID_JSON"}
{"time":"2026-09-05T06:02:31.540Z","event":"request.error","id":"0b070a24-2d9a-4184-858d-55d494e6517d","method":"DELETE","status":400,"code":"INVALID_JSON"}
{"time":"2026-09-05T06:02:31.566Z","event":"request","id":"85458ecb-c048-4231-82f1-4ed190f5d2d2","method":"GET","path":"/api/v1/notes","ms":1}
{"time":"2026-09-05T06:02:42.334Z","event":"request","id":"b37c8720-507e-496a-8b28-effe0b10abba","method":"DELETE","path":"/api/v1/notes","ms":8}
{"time":"2026-09-05T06:02:42.375Z","event":"request","id":"69154e85-71a2-4e94-9663-f9cfdc8d422d","method":"DELETE","path":"/api/v1/notes","ms":9}
{"time":"2026-09-05T06:02:42.405Z","event":"request","id":"9d6511db-a856-4436-b310-f2fc86f585da","method":"GET","path":"/api/v1/notes","ms":1}
{"time":"2026-09-05T06:04:10.400Z","event":"request","id":"f3cebfc5-1059-4aaf-961d-0229767b0a20","method":"GET","path":"/watch.html","ms":2}
{"time":"2026-09-05T06:04:10.432Z","event":"request","id":"093ae33c-ca74-41be-aa71-507bee93beaa","method":"GET","path":"/mdrender.js","ms":2}
{"time":"2026-09-05T06:04:10.434Z","event":"request","id":"3eec6e3d-7ac9-401f-a1f3-1faebd352ad8","method":"GET","path":"/lieflat-charts.js","ms":2}
{"time":"2026-09-05T06:04:10.434Z","event":"request","id":"bee34953-6506-4609-809a-f0ddd90146d8","method":"GET","path":"/scene-templates.js","ms":1}
{"time":"2026-09-05T06:04:10.435Z","event":"request","id":"c804569f-b221-4316-ba0a-6911102c871d","method":"GET","path":"/courseware-engine.js","ms":2}
{"time":"2026-09-05T06:04:10.443Z","event":"request","id":"80e7d631-3cd3-42fd-bf8a-e3e5897da1fc","method":"GET","path":"/lucide-unify.js","ms":2}
{"time":"2026-09-05T06:04:10.449Z","event":"request","id":"5c23ad05-3966-414f-b498-30973e63879b","method":"GET","path":"/api/v1/video/status","ms":1}
{"time":"2026-09-05T06:04:10.766Z","event":"request","id":"46f2c79c-0aa2-4dfb-9f6b-12652b448510","method":"GET","path":"/storage/audio/cw-5627ffbf-p0-s0.mp3","ms":1}
{"time":"2026-09-05T06:04:10.776Z","event":"request","id":"0416761d-0e0a-419c-ae6c-77ecbb346936","method":"GET","path":"/api/v1/video/slide-svg","ms":2}
{"time":"2026-09-05T06:04:10.776Z","event":"request","id":"ec0a582b-7ca9-4eb8-8f6d-3e0934d0c7d6","method":"GET","path":"/api/v1/video/slide-svg","ms":0}
{"time":"2026-09-05T06:04:10.776Z","event":"request","id":"40eaa333-cf10-4fbd-a8c7-c72ce7739fd1","method":"GET","path":"/api/v1/video/slide-svg","ms":0}
{"time":"2026-09-05T06:04:10.777Z","event":"request","id":"ee7dc53f-e531-4cb5-a1d1-8eec6d23bb7e","method":"GET","path":"/api/v1/video/slide-svg","ms":0}
{"time":"2026-09-05T06:04:10.777Z","event":"request","id":"288a853d-1173-4be5-a004-998343e03593","method":"GET","path":"/api/v1/video/slide-svg","ms":0}
{"time":"2026-09-05T06:04:10.778Z","event":"request","id":"e657021f-4763-4a6b-8a19-064300df737a","method":"GET","path":"/api/v1/video/slide-svg","ms":1}
{"time":"2026-09-05T06:04:10.779Z","event":"request","id":"d6bd426c-7fae-41ed-a79b-4e2d69b7bad3","method":"GET","path":"/api/v1/video/slide-svg","ms":1}
{"time":"2026-09-05T06:04:10.780Z","event":"request","id":"e92015f3-9947-4b99-8c22-5d72b34be741","method":"GET","path":"/api/v1/video/slide-svg","ms":1}
{"time":"2026-09-05T06:04:10.781Z","event":"request","id":"be485365-4476-42fa-a1d1-cd7c370e8759","method":"GET","path":"/api/v1/video/slide-svg","ms":1}
{"time":"2026-09-05T06:04:10.782Z","event":"request","id":"878dc7d4-4b57-4d5e-bcce-a3c8466b86e3","method":"GET","path":"/storage/audio/cw-5627ffbf-p0-s1.mp3","ms":2}
{"time":"2026-09-05T06:04:10.782Z","event":"request","id":"505239f1-9ece-4914-bb92-96a55afb3268","method":"GET","path":"/storage/audio/cw-5627ffbf-p0-s3.mp3","ms":1}
{"time":"2026-09-05T06:04:10.782Z","event":"request","id":"d7df6f9a-543d-47a6-88f2-e55a1e9c30f9","method":"GET","path":"/storage/audio/cw-5627ffbf-p0-s2.mp3","ms":1}
{"time":"2026-09-05T06:04:10.783Z","event":"request","id":"859cb5dc-8b46-4db2-90db-05681fb38bac","method":"GET","path":"/storage/audio/cw-5627ffbf-p0-s4.mp3","ms":2}
{"time":"2026-09-05T06:04:10.784Z","event":"request","id":"45c0b18f-9e33-4409-a21c-999b0846e7c3","method":"GET","path":"/storage/audio/cw-5627ffbf-p0-s6.mp3","ms":1}
{"time":"2026-09-05T06:04:10.784Z","event":"request","id":"4f706f9b-33dd-48af-b58f-0d770f0a047c","method":"GET","path":"/storage/audio/cw-5627ffbf-p0-s5.mp3","ms":2}
{"time":"2026-09-05T06:04:10.785Z","event":"request","id":"77d4b70e-8e30-4166-bfd1-1c550b9a5c26","method":"GET","path":"/storage/audio/cw-5627ffbf-p1-s1.mp3","ms":2}
{"time":"2026-09-05T06:04:10.786Z","event":"request","id":"a489fc43-0403-4d21-9054-bf525d122e1a","method":"GET","path":"/storage/audio/cw-5627ffbf-p1-s0.mp3","ms":3}
{"time":"2026-09-05T06:04:10.787Z","event":"request","id":"3e06118a-92db-49e2-bb87-1a5a1d3e32ce","method":"GET","path":"/storage/audio/cw-5627ffbf-p1-s2.mp3","ms":3}
{"time":"2026-09-05T06:04:10.787Z","event":"request","id":"026aa11b-74ea-4bad-bb1f-f75d5b0b239f","method":"GET","path":"/storage/audio/cw-5627ffbf-p1-s3.mp3","ms":3}
{"time":"2026-09-05T06:04:10.787Z","event":"request","id":"aa9a2f4d-f3de-460b-a808-03fd38181121","method":"GET","path":"/storage/audio/cw-5627ffbf-p1-s4.mp3","ms":2}
{"time":"2026-09-05T06:04:10.788Z","event":"request","id":"fc6c73c2-4728-460d-8cc0-19c5a3383ed8","method":"GET","path":"/storage/audio/cw-5627ffbf-p1-s5.mp3","ms":3}
{"time":"2026-09-05T06:04:10.788Z","event":"request","id":"a4ebe3b4-49c2-486f-9607-c1c6c9508e37","method":"GET","path":"/storage/audio/cw-5627ffbf-p1-s6.mp3","ms":2}
{"time":"2026-09-05T06:04:10.789Z","event":"request","id":"b66806d5-2d51-44b1-bbb0-5292172f88c9","method":"GET","path":"/storage/audio/cw-5627ffbf-p2-s0.mp3","ms":2}
{"time":"2026-09-05T06:04:10.790Z","event":"request","id":"9fd84b63-e947-4f19-87de-1d0f06d07961","method":"GET","path":"/storage/audio/cw-5627ffbf-p2-s2.mp3","ms":1}
{"time":"2026-09-05T06:04:10.790Z","event":"request","id":"b99ce3f1-52f0-46e4-bed3-add6ae3acc85","method":"GET","path":"/storage/audio/cw-5627ffbf-p2-s1.mp3","ms":2}
{"time":"2026-09-05T06:04:10.791Z","event":"request","id":"f95930ca-ae0c-43ff-a1d9-ef82999b9632","method":"GET","path":"/storage/audio/cw-5627ffbf-p2-s3.mp3","ms":2}
{"time":"2026-09-05T06:04:10.791Z","event":"request","id":"377b524b-6f61-47d5-86a8-7f831c6a14b7","method":"GET","path":"/storage/audio/cw-5627ffbf-p2-s4.mp3","ms":2}
{"time":"2026-09-05T06:04:10.791Z","event":"request","id":"5aa2a357-d2d2-45f3-8301-7e33ef982652","method":"GET","path":"/storage/audio/cw-5627ffbf-p2-s5.mp3","ms":2}
{"time":"2026-09-05T06:04:10.793Z","event":"request","id":"b25da94f-91c6-454e-8186-e4e114b1b51e","method":"GET","path":"/storage/audio/cw-5627ffbf-p2-s6.mp3","ms":3}
{"time":"2026-09-05T06:04:10.793Z","event":"request","id":"47cece8b-8fab-40dd-80e9-c4669dc31700","method":"GET","path":"/storage/audio/cw-5627ffbf-p3-s0.mp3","ms":2}
{"time":"2026-09-05T06:04:10.794Z","event":"request","id":"3e0c8f7a-08f3-4d10-a1d5-feaf5efd7ea6","method":"GET","path":"/storage/audio/cw-5627ffbf-p3-s1.mp3","ms":2}
{"time":"2026-09-05T06:04:10.794Z","event":"request","id":"9587afe1-c76b-4bb6-8d80-ea82559ae11c","method":"GET","path":"/storage/audio/cw-5627ffbf-p3-s2.mp3","ms":2}
{"time":"2026-09-05T06:04:10.794Z","event":"request","id":"c29b0909-054a-4da3-8346-3c22a04f9ed8","method":"GET","path":"/storage/audio/cw-5627ffbf-p3-s3.mp3","ms":2}
{"time":"2026-09-05T06:04:10.794Z","event":"request","id":"e555d8a3-dfd1-4af0-822f-d8e383d6c8be","method":"GET","path":"/storage/audio/cw-5627ffbf-p3-s4.mp3","ms":1}
{"time":"2026-09-05T06:04:10.795Z","event":"request","id":"1e374fea-019b-4917-9fca-9fc2d4ba7854","method":"GET","path":"/storage/audio/cw-5627ffbf-p3-s5.mp3","ms":1}
{"time":"2026-09-05T06:04:10.820Z","event":"request","id":"7e7869c9-c522-4828-86f0-85cd6eaef12c","method":"GET","path":"/storage/audio/cw-5627ffbf-p4-s0.mp3","ms":2}
{"time":"2026-09-05T06:04:10.820Z","event":"request","id":"0d80a745-f4a9-4c7a-afdf-9279988b0fb0","method":"GET","path":"/storage/audio/cw-5627ffbf-p4-s2.mp3","ms":2}
{"time":"2026-09-05T06:04:10.820Z","event":"request","id":"5c03b888-83de-4e39-bcf4-0d8de1d028b3","method":"GET","path":"/storage/audio/cw-5627ffbf-p4-s3.mp3","ms":2}
{"time":"2026-09-05T06:04:10.821Z","event":"request","id":"d57254e6-4846-45d2-93eb-133cd7ca4ba2","method":"GET","path":"/storage/audio/cw-5627ffbf-p4-s5.mp3","ms":2}
{"time":"2026-09-05T06:04:10.821Z","event":"request","id":"78e88001-66ac-4ec8-92ff-ffcfa1a91606","method":"GET","path":"/storage/audio/cw-5627ffbf-p5-s2.mp3","ms":2}
{"time":"2026-09-05T06:04:10.821Z","event":"request","id":"305d241e-bf27-47e2-bba3-af20cb00dd5f","method":"GET","path":"/storage/audio/cw-5627ffbf-p4-s4.mp3","ms":2}
{"time":"2026-09-05T06:04:10.823Z","event":"request","id":"ce3a8a72-87a4-4b0f-a61a-a1fd2e0cd6fa","method":"GET","path":"/storage/audio/cw-5627ffbf-p5-s3.mp3","ms":1}
{"time":"2026-09-05T06:04:10.823Z","event":"request","id":"dab1f9c0-d289-4e28-9d56-be6b200093ce","method":"GET","path":"/storage/audio/cw-5627ffbf-p5-s4.mp3","ms":1}
{"time":"2026-09-05T06:04:10.823Z","event":"request","id":"8f5688ad-3822-46f3-bdbb-8f1765ec6bd7","method":"GET","path":"/storage/audio/cw-5627ffbf-p5-s5.mp3","ms":1}
{"time":"2026-09-05T06:04:10.824Z","event":"request","id":"455e91d1-cf22-42d3-ac54-5983c6c5d56c","method":"GET","path":"/storage/audio/cw-5627ffbf-p6-s1.mp3","ms":2}
{"time":"2026-09-05T06:04:10.824Z","event":"request","id":"0d20d617-d432-4a23-bd3c-d11c8e15c72b","method":"GET","path":"/storage/audio/cw-5627ffbf-p6-s0.mp3","ms":2}
{"time":"2026-09-05T06:04:10.824Z","event":"request","id":"3e7db1da-122c-4c42-805e-0fc6c7130e39","method":"GET","path":"/storage/audio/cw-5627ffbf-p6-s2.mp3","ms":2}
{"time":"2026-09-05T06:04:10.825Z","event":"request","id":"0c690d25-5d39-4597-b531-b955da2e2102","method":"GET","path":"/storage/audio/cw-5627ffbf-p6-s3.mp3","ms":1}
{"time":"2026-09-05T06:04:10.826Z","event":"request","id":"e93ab701-5c82-45e9-aa0e-059d78309404","method":"GET","path":"/storage/audio/cw-5627ffbf-p6-s5.mp3","ms":1}
{"time":"2026-09-05T06:04:10.826Z","event":"request","id":"401f4eab-b1ab-440d-90e7-d573dda40ca8","method":"GET","path":"/storage/audio/cw-5627ffbf-p7-s1.mp3","ms":1}
{"time":"2026-09-05T06:04:10.826Z","event":"request","id":"8b819ff3-266b-4882-8134-75c6b81920f1","method":"GET","path":"/storage/audio/cw-5627ffbf-p6-s6.mp3","ms":1}
{"time":"2026-09-05T06:04:10.826Z","event":"request","id":"4d137cda-f284-4dad-883c-4f4bf18be9ea","method":"GET","path":"/storage/audio/cw-5627ffbf-p7-s2.mp3","ms":1}
{"time":"2026-09-05T06:04:10.826Z","event":"request","id":"8f9fd054-1f0a-4334-a5de-7b7d4b5c57ca","method":"GET","path":"/storage/audio/cw-5627ffbf-p7-s0.mp3","ms":1}
{"time":"2026-09-05T06:04:10.827Z","event":"request","id":"1b55492f-dcca-46f3-ba9b-a544d38a9e28","method":"GET","path":"/storage/audio/cw-5627ffbf-p7-s3.mp3","ms":1}
{"time":"2026-09-05T06:04:10.828Z","event":"request","id":"cd8aea49-7a4b-49f9-93a6-a353e650acb7","method":"GET","path":"/storage/audio/cw-5627ffbf-p7-s4.mp3","ms":1}
{"time":"2026-09-05T06:04:10.828Z","event":"request","id":"ce5aa145-7f02-47d3-97e6-f9583f887fed","method":"GET","path":"/storage/audio/cw-5627ffbf-p7-s5.mp3","ms":1}
{"time":"2026-09-05T06:04:10.829Z","event":"request","id":"376f1c63-e145-4e0d-bccc-b68c1783be90","method":"GET","path":"/storage/audio/cw-5627ffbf-p7-s6.mp3","ms":2}
{"time":"2026-09-05T06:04:10.829Z","event":"request","id":"4c6694f8-c536-41ab-92de-8881d0e33dd5","method":"GET","path":"/storage/audio/cw-5627ffbf-p8-s1.mp3","ms":1}
{"time":"2026-09-05T06:04:10.829Z","event":"request","id":"832cfda1-03e3-430b-af4d-d023ba65f3f1","method":"GET","path":"/storage/audio/cw-5627ffbf-p8-s2.mp3","ms":1}
{"time":"2026-09-05T06:04:10.830Z","event":"request","id":"cd7be132-2e34-4c83-96b2-5a3217086a5d","method":"GET","path":"/storage/audio/cw-5627ffbf-p8-s3.mp3","ms":2}
{"time":"2026-09-05T06:04:10.830Z","event":"request","id":"61658259-087f-4879-a5a2-372de4e964d7","method":"GET","path":"/storage/audio/cw-5627ffbf-p8-s4.mp3","ms":2}
{"time":"2026-09-05T06:04:10.831Z","event":"request","id":"492588c9-c4a9-4b92-8b91-63a82498ee5c","method":"GET","path":"/storage/audio/cw-5627ffbf-p8-s5.mp3","ms":1}
{"time":"2026-09-05T06:04:10.832Z","event":"request","id":"2be9da74-f7cc-464a-b394-39eaf74168f6","method":"GET","path":"/storage/audio/cw-5627ffbf-p8-s6.mp3","ms":2}
{"time":"2026-09-05T06:04:10.832Z","event":"request","id":"15c1bf19-3cde-4bc8-96ac-fe0028aed6e8","method":"GET","path":"/storage/audio/cw-5627ffbf-p0-s1.mp3","ms":1}
{"time":"2026-09-05T06:04:10.832Z","event":"request","id":"e14dc88c-f393-4f7b-aa0a-ef13686a4d6e","method":"GET","path":"/storage/audio/cw-5627ffbf-p1-s0.mp3","ms":1}
{"time":"2026-09-05T06:04:10.832Z","event":"request","id":"020ca3d4-0d52-43df-8624-92e98b561758","method":"GET","path":"/storage/audio/cw-5627ffbf-p0-s0.mp3","ms":1}
{"time":"2026-09-05T06:04:10.949Z","event":"request","id":"23bbd0d0-9f3b-4053-9022-adec09334ae1","method":"GET","path":"/api/v1/notes","ms":1}
{"time":"2026-09-05T06:04:15.106Z","event":"request","id":"9e8b14cd-d2fa-4583-a09f-9115a253c9fa","method":"GET","path":"/watch.html","ms":1}
{"time":"2026-09-05T06:04:15.140Z","event":"request","id":"b7289c8c-4fd6-4a22-8ce5-5e851a3a83fc","method":"GET","path":"/mdrender.js","ms":1}
{"time":"2026-09-05T06:04:15.142Z","event":"request","id":"0971641d-9873-4263-b522-266d1f670941","method":"GET","path":"/lieflat-charts.js","ms":2}
{"time":"2026-09-05T06:04:15.142Z","event":"request","id":"e119c3e7-5a9f-4590-96af-9029ac8347ec","method":"GET","path":"/scene-templates.js","ms":1}
{"time":"2026-09-05T06:04:15.142Z","event":"request","id":"930053d6-082d-4f03-bc2b-513d56d01aaf","method":"GET","path":"/courseware-engine.js","ms":1}
{"time":"2026-09-05T06:04:15.154Z","event":"request","id":"b3b2ca61-31b2-4986-a1f1-0725ff1f3b4a","method":"GET","path":"/lucide-unify.js","ms":1}
{"time":"2026-09-05T06:04:15.159Z","event":"request","id":"d64bd135-b119-4da9-ac50-b99774ec99c3","method":"GET","path":"/api/v1/video/status","ms":0}
{"time":"2026-09-05T06:04:15.257Z","event":"request","id":"9c18623f-b1cd-4681-a50e-998823d72f10","method":"GET","path":"/api/v1/video/slide-svg","ms":1}
{"time":"2026-09-05T06:04:45.807Z","event":"request","id":"e6d04a4d-3ac0-4c63-a784-9bde17ec3ff0","method":"GET","path":"/api/v1/notes","ms":0}
{"time":"2026-09-05T06:05:07.454Z","event":"request","id":"575a018d-c0a4-4a04-85ca-86c7fd6f8e26","method":"GET","path":"/watch.html","ms":0}
{"time":"2026-09-05T06:05:07.487Z","event":"request","id":"bcc95fbc-c6e4-4901-98ef-54fa40337431","method":"GET","path":"/mdrender.js","ms":1}
{"time":"2026-09-05T06:05:07.489Z","event":"request","id":"f3ed23aa-07f6-4bb6-a56b-ef53333ebc35","method":"GET","path":"/lieflat-charts.js","ms":1}
{"time":"2026-09-05T06:05:07.490Z","event":"request","id":"ba20a799-4479-492b-9c89-227e4ec9afc8","method":"GET","path":"/scene-templates.js","ms":2}
{"time":"2026-09-05T06:05:07.490Z","event":"request","id":"b862a7b9-9876-4663-859b-c4487a34541a","method":"GET","path":"/courseware-engine.js","ms":1}
{"time":"2026-09-05T06:05:07.501Z","event":"request","id":"1a750e89-7f90-4f00-acf5-c459109a879a","method":"GET","path":"/lucide-unify.js","ms":1}
{"time":"2026-09-05T06:05:07.505Z","event":"request","id":"985c8e86-01b7-46e0-b9f5-906e095b4600","method":"GET","path":"/api/v1/video/status","ms":1}
{"time":"2026-09-05T06:05:07.789Z","event":"request","id":"56ce62b2-e77b-4362-a548-0bf26c525ae2","method":"GET","path":"/storage/audio/cw-5627ffbf-p0-s0.mp3","ms":1}
{"time":"2026-09-05T06:05:07.798Z","event":"request","id":"d91985f2-e79a-4a39-8ef9-215fa7c9dbd3","method":"GET","path":"/api/v1/video/slide-svg","ms":1}
{"time":"2026-09-05T06:05:07.798Z","event":"request","id":"66796866-e538-4993-a7ef-c1cb7c15743a","method":"GET","path":"/api/v1/video/slide-svg","ms":0}
{"time":"2026-09-05T06:05:07.798Z","event":"request","id":"a47b59da-ccba-4260-97dd-96f3b8c7f494","method":"GET","path":"/api/v1/video/slide-svg","ms":0}
{"time":"2026-09-05T06:05:07.799Z","event":"request","id":"cd573375-1fa7-46aa-b9f6-87cc4d2cfd41","method":"GET","path":"/api/v1/video/slide-svg","ms":0}
{"time":"2026-09-05T06:05:07.799Z","event":"request","id":"bf8cafb6-7188-4440-82b0-987e4334ecf2","method":"GET","path":"/api/v1/video/slide-svg","ms":0}
{"time":"2026-09-05T06:05:07.800Z","event":"request","id":"c499f91c-3608-4f88-80eb-eab168bc1b56","method":"GET","path":"/api/v1/video/slide-svg","ms":0}
{"time":"2026-09-05T06:05:07.800Z","event":"request","id":"7d38c049-0613-411b-a4b7-3a2591c23390","method":"GET","path":"/api/v1/video/slide-svg","ms":0}
{"time":"2026-09-05T06:05:07.802Z","event":"request","id":"41a9f765-6948-414e-a1dc-7425d7d17cc9","method":"GET","path":"/api/v1/video/slide-svg","ms":0}
{"time":"2026-09-05T06:05:07.804Z","event":"request","id":"91632afa-24dd-4401-a005-a552ca429724","method":"GET","path":"/storage/audio/cw-5627ffbf-p0-s1.mp3","ms":1}
{"time":"2026-09-05T06:05:07.804Z","event":"request","id":"4470cb28-57f3-4c9c-b2c4-55e6f64e9115","method":"GET","path":"/api/v1/video/slide-svg","ms":0}
{"time":"2026-09-05T06:05:07.805Z","event":"request","id":"309dc1c9-bfde-46eb-8526-131ee9e2901d","method":"GET","path":"/storage/audio/cw-5627ffbf-p0-s2.mp3","ms":2}
{"time":"2026-09-05T06:05:07.805Z","event":"request","id":"ca1f6411-1b50-4987-8ad0-94b48d047999","method":"GET","path":"/storage/audio/cw-5627ffbf-p0-s3.mp3","ms":1}
{"time":"2026-09-05T06:05:07.805Z","event":"request","id":"4bd7a84c-cdc0-493d-a826-920e2ae447a1","method":"GET","path":"/storage/audio/cw-5627ffbf-p0-s4.mp3","ms":1}
{"time":"2026-09-05T06:05:07.806Z","event":"request","id":"ad3500d6-9685-4f72-90cb-0773545d2ef2","method":"GET","path":"/storage/audio/cw-5627ffbf-p0-s5.mp3","ms":1}
{"time":"2026-09-05T06:05:07.806Z","event":"request","id":"0af349d0-9326-4a02-bcc7-06188c35558c","method":"GET","path":"/storage/audio/cw-5627ffbf-p0-s6.mp3","ms":1}
{"time":"2026-09-05T06:05:07.808Z","event":"request","id":"3f334a6a-d36f-4b5f-beae-41b886fa7aee","method":"GET","path":"/storage/audio/cw-5627ffbf-p1-s1.mp3","ms":1}
{"time":"2026-09-05T06:05:07.808Z","event":"request","id":"74f39a8e-e650-453a-8688-6ab580a21733","method":"GET","path":"/storage/audio/cw-5627ffbf-p1-s2.mp3","ms":1}
{"time":"2026-09-05T06:05:07.808Z","event":"request","id":"875f16e3-19b5-4b39-85f9-74ea2db1ee7e","method":"GET","path":"/storage/audio/cw-5627ffbf-p1-s0.mp3","ms":1}
{"time":"2026-09-05T06:05:07.808Z","event":"request","id":"5873aa7e-e8d8-4e40-9778-dee96ddb2a22","method":"GET","path":"/storage/audio/cw-5627ffbf-p1-s3.mp3","ms":1}
{"time":"2026-09-05T06:05:07.808Z","event":"request","id":"28c473cb-2e25-4bdb-8e43-90fb9e294858","method":"GET","path":"/storage/audio/cw-5627ffbf-p1-s4.mp3","ms":0}
{"time":"2026-09-05T06:05:07.809Z","event":"request","id":"d4dacaed-b706-40f7-a5a0-880243057359","method":"GET","path":"/storage/audio/cw-5627ffbf-p1-s5.mp3","ms":1}
{"time":"2026-09-05T06:05:07.810Z","event":"request","id":"4ae3f8b9-34f8-4e94-a567-262f321a1ce8","method":"GET","path":"/storage/audio/cw-5627ffbf-p1-s6.mp3","ms":1}
{"time":"2026-09-05T06:05:07.811Z","event":"request","id":"a8a9ea80-e201-4546-9fb1-75f648f3eb44","method":"GET","path":"/storage/audio/cw-5627ffbf-p2-s0.mp3","ms":1}
{"time":"2026-09-05T06:05:07.811Z","event":"request","id":"5cf6b066-828e-4101-9082-1c66b52d2cd1","method":"GET","path":"/storage/audio/cw-5627ffbf-p2-s2.mp3","ms":1}
{"time":"2026-09-05T06:05:07.811Z","event":"request","id":"3c3c9c0b-9106-4bb0-b90d-71e1b6b18652","method":"GET","path":"/storage/audio/cw-5627ffbf-p2-s1.mp3","ms":1}
{"time":"2026-09-05T06:05:07.811Z","event":"request","id":"3207740e-70d9-4417-a8e9-81d938edd7c3","method":"GET","path":"/storage/audio/cw-5627ffbf-p2-s3.mp3","ms":1}
{"time":"2026-09-05T06:05:07.811Z","event":"request","id":"8e2042c2-27d8-4ec0-b43c-d0d9b6c00831","method":"GET","path":"/storage/audio/cw-5627ffbf-p2-s4.mp3","ms":1}
{"time":"2026-09-05T06:05:07.813Z","event":"request","id":"039d1a77-e4ce-4d38-924d-947e0a5c8561","method":"GET","path":"/storage/audio/cw-5627ffbf-p2-s5.mp3","ms":1}
{"time":"2026-09-05T06:05:07.841Z","event":"request","id":"deeb9db1-f2e6-44d7-8534-97af26f936f8","method":"GET","path":"/storage/audio/cw-5627ffbf-p3-s0.mp3","ms":2}
{"time":"2026-09-05T06:05:07.841Z","event":"request","id":"7b7c74b0-b876-4bea-a90e-6237d510017d","method":"GET","path":"/storage/audio/cw-5627ffbf-p3-s1.mp3","ms":1}
{"time":"2026-09-05T06:05:07.841Z","event":"request","id":"c54f5afe-526e-463c-8ab7-f85309877c1f","method":"GET","path":"/storage/audio/cw-5627ffbf-p3-s2.mp3","ms":1}
{"time":"2026-09-05T06:05:07.841Z","event":"request","id":"d4c3dac6-6ba5-4d01-8d5e-5a26dcd5d86b","method":"GET","path":"/storage/audio/cw-5627ffbf-p2-s6.mp3","ms":2}
{"time":"2026-09-05T06:05:07.841Z","event":"request","id":"c88c7836-34ac-4692-950b-868406ef7c09","method":"GET","path":"/storage/audio/cw-5627ffbf-p3-s3.mp3","ms":1}
{"time":"2026-09-05T06:05:07.841Z","event":"request","id":"b3be27c0-ef21-471c-8afc-99d2012913e8","method":"GET","path":"/storage/audio/cw-5627ffbf-p3-s4.mp3","ms":1}
{"time":"2026-09-05T06:05:07.844Z","event":"request","id":"1263a61a-71d2-4a70-986a-0c4e26eb3de3","method":"GET","path":"/storage/audio/cw-5627ffbf-p3-s5.mp3","ms":1}
{"time":"2026-09-05T06:05:07.844Z","event":"request","id":"1c283d82-1ec0-4afd-8163-649020a4da39","method":"GET","path":"/storage/audio/cw-5627ffbf-p4-s0.mp3","ms":1}
{"time":"2026-09-05T06:05:07.845Z","event":"request","id":"7d0a8abc-69f0-4492-aecf-25b54b9537ed","method":"GET","path":"/storage/audio/cw-5627ffbf-p4-s2.mp3","ms":2}
{"time":"2026-09-05T06:05:07.845Z","event":"request","id":"ebdf3311-ec2c-44fe-8ee8-b20c9058399e","method":"GET","path":"/storage/audio/cw-5627ffbf-p4-s3.mp3","ms":2}
{"time":"2026-09-05T06:05:07.845Z","event":"request","id":"714ee93d-33aa-4c1c-98dd-c7865ba2ead3","method":"GET","path":"/storage/audio/cw-5627ffbf-p4-s4.mp3","ms":2}
{"time":"2026-09-05T06:05:07.845Z","event":"request","id":"2b6f808e-cdd1-4fa9-9900-133c3a466aa0","method":"GET","path":"/storage/audio/cw-5627ffbf-p4-s5.mp3","ms":1}
{"time":"2026-09-05T06:05:07.847Z","event":"request","id":"7f63da83-0ee3-4566-93ba-ac7644efea81","method":"GET","path":"/storage/audio/cw-5627ffbf-p5-s2.mp3","ms":1}
{"time":"2026-09-05T06:05:07.848Z","event":"request","id":"a66ea548-91a5-4bb1-9da0-8760d868555e","method":"GET","path":"/storage/audio/cw-5627ffbf-p5-s3.mp3","ms":2}
{"time":"2026-09-05T06:05:07.848Z","event":"request","id":"179589e8-698d-4065-9883-83b6f80d26d6","method":"GET","path":"/storage/audio/cw-5627ffbf-p5-s4.mp3","ms":1}
{"time":"2026-09-05T06:05:07.848Z","event":"request","id":"59ca19e4-9b51-4963-bb73-9831703eb9c3","method":"GET","path":"/storage/audio/cw-5627ffbf-p5-s5.mp3","ms":1}
{"time":"2026-09-05T06:05:07.848Z","event":"request","id":"34cbf0d1-3ec6-4aa8-b8b2-f03c6d7b52ce","method":"GET","path":"/storage/audio/cw-5627ffbf-p6-s0.mp3","ms":1}
{"time":"2026-09-05T06:05:07.849Z","event":"request","id":"ff4e0623-9fcc-4352-9511-1985a022d73e","method":"GET","path":"/storage/audio/cw-5627ffbf-p6-s1.mp3","ms":2}
{"time":"2026-09-05T06:05:07.849Z","event":"request","id":"e112e890-6aa3-4758-b9aa-a8797a38d1c9","method":"GET","path":"/storage/audio/cw-5627ffbf-p6-s2.mp3","ms":1}
{"time":"2026-09-05T06:05:07.850Z","event":"request","id":"d4431777-e3c7-4ef4-afce-c8837ab77450","method":"GET","path":"/storage/audio/cw-5627ffbf-p6-s3.mp3","ms":1}
{"time":"2026-09-05T06:05:07.851Z","event":"request","id":"e1223102-23a9-498b-acc5-a02bb87889e2","method":"GET","path":"/storage/audio/cw-5627ffbf-p6-s5.mp3","ms":2}
{"time":"2026-09-05T06:05:07.851Z","event":"request","id":"839d99ff-b335-45fc-b1c3-58b9e182329e","method":"GET","path":"/storage/audio/cw-5627ffbf-p6-s6.mp3","ms":2}
{"time":"2026-09-05T06:05:07.852Z","event":"request","id":"bfd1ef8a-e35e-412d-a064-d4ed97df08b5","method":"GET","path":"/storage/audio/cw-5627ffbf-p7-s0.mp3","ms":3}
{"time":"2026-09-05T06:05:07.852Z","event":"request","id":"a6c9ee02-b827-4d0b-ae97-75bccd2c8c90","method":"GET","path":"/storage/audio/cw-5627ffbf-p7-s1.mp3","ms":2}
{"time":"2026-09-05T06:05:07.853Z","event":"request","id":"e7b7e82b-b04f-4e82-b004-460316dd51fd","method":"GET","path":"/storage/audio/cw-5627ffbf-p7-s2.mp3","ms":2}
{"time":"2026-09-05T06:05:07.853Z","event":"request","id":"ed83703e-3a19-4e03-b3c4-b6ff331cbea8","method":"GET","path":"/storage/audio/cw-5627ffbf-p7-s3.mp3","ms":2}
{"time":"2026-09-05T06:05:07.853Z","event":"request","id":"1585246b-425b-4c52-a5d5-e721b8f3b97e","method":"GET","path":"/storage/audio/cw-5627ffbf-p7-s4.mp3","ms":1}
{"time":"2026-09-05T06:05:07.854Z","event":"request","id":"fa450b91-82c8-48c3-898f-9f9c4cb3513d","method":"GET","path":"/storage/audio/cw-5627ffbf-p7-s5.mp3","ms":2}
{"time":"2026-09-05T06:05:07.854Z","event":"request","id":"0ef22f94-f21d-44ef-8a28-a7f4e60f88cb","method":"GET","path":"/storage/audio/cw-5627ffbf-p7-s6.mp3","ms":2}
{"time":"2026-09-05T06:05:07.855Z","event":"request","id":"85562983-e72f-44de-8c3f-4a82f89c4a56","method":"GET","path":"/storage/audio/cw-5627ffbf-p8-s1.mp3","ms":2}
{"time":"2026-09-05T06:05:07.855Z","event":"request","id":"999b0200-7701-45a2-bc1f-c38642b49bd5","method":"GET","path":"/storage/audio/cw-5627ffbf-p8-s2.mp3","ms":1}
{"time":"2026-09-05T06:05:07.856Z","event":"request","id":"48c13b15-9810-46ec-9e92-8d8921444141","method":"GET","path":"/storage/audio/cw-5627ffbf-p8-s4.mp3","ms":1}
{"time":"2026-09-05T06:05:07.856Z","event":"request","id":"d777086d-7228-48f4-aa01-ad764087d303","method":"GET","path":"/storage/audio/cw-5627ffbf-p8-s5.mp3","ms":1}
{"time":"2026-09-05T06:05:07.856Z","event":"request","id":"40b3f067-5f80-42ab-b2a1-69dc87a35250","method":"GET","path":"/storage/audio/cw-5627ffbf-p8-s3.mp3","ms":2}
{"time":"2026-09-05T06:05:07.857Z","event":"request","id":"a5904ff2-4cd3-493a-b2af-4ea60175374e","method":"GET","path":"/storage/audio/cw-5627ffbf-p8-s6.mp3","ms":2}
{"time":"2026-09-05T06:05:07.857Z","event":"request","id":"c31ec879-bc58-49b4-95e5-6444c1a77f39","method":"GET","path":"/storage/audio/cw-5627ffbf-p0-s1.mp3","ms":2}
{"time":"2026-09-05T06:05:07.858Z","event":"request","id":"ce7c364f-e17e-4b39-a833-0d770dc5236a","method":"GET","path":"/storage/audio/cw-5627ffbf-p1-s0.mp3","ms":2}
{"time":"2026-09-05T06:05:07.858Z","event":"request","id":"32d62af3-29a9-4578-8901-1d237e5e58b4","method":"GET","path":"/storage/audio/cw-5627ffbf-p0-s0.mp3","ms":1}
{"time":"2026-09-05T06:05:08.016Z","event":"request","id":"eabb7751-8281-4ff9-8274-1f38c0b44113","method":"GET","path":"/api/v1/notes","ms":1}
{"time":"2026-09-05T06:05:12.190Z","event":"request","id":"486877f6-f6a8-48c0-9eb6-9b65288672e2","method":"GET","path":"/watch.html","ms":1}
{"time":"2026-09-05T06:05:12.210Z","event":"request","id":"035f8d37-c4fd-4cab-a436-46d080827fbb","method":"GET","path":"/mdrender.js","ms":2}
{"time":"2026-09-05T06:05:12.211Z","event":"request","id":"bef3e75b-7c02-4ab6-b72d-3c1b128b06bb","method":"GET","path":"/scene-templates.js","ms":2}
{"time":"2026-09-05T06:05:12.212Z","event":"request","id":"66e28231-70f0-4e32-95a6-a934284306f2","method":"GET","path":"/lieflat-charts.js","ms":3}
{"time":"2026-09-05T06:05:12.212Z","event":"request","id":"49a69e83-6a7b-42d9-8147-a434cd83f0ea","method":"GET","path":"/courseware-engine.js","ms":3}
{"time":"2026-09-05T06:05:12.221Z","event":"request","id":"0fc06773-ae68-464b-83a1-ff2d06b064a4","method":"GET","path":"/lucide-unify.js","ms":1}
{"time":"2026-09-05T06:05:12.227Z","event":"request","id":"e9c3bddc-e2b4-41e1-9c1b-44e44318fcc6","method":"GET","path":"/api/v1/video/status","ms":1}
{"time":"2026-09-05T06:05:12.364Z","event":"request","id":"49daf890-783a-4c49-9974-59e3cb5e5cc9","method":"GET","path":"/storage/audio/doubao-tts-1785346394365-7a350241-a642-493a-b8e8-3b62dc10770c.mp3","ms":2}
{"time":"2026-09-05T06:05:12.366Z","event":"request","id":"c5d80965-5222-4f46-bec7-c82ef4acb402","method":"GET","path":"/api/v1/video/slide-svg","ms":0}
{"time":"2026-09-05T06:05:12.366Z","event":"request","id":"31b886e8-19a5-4e5b-bf0a-70f63228e0de","method":"GET","path":"/api/v1/video/slide-svg","ms":0}
{"time":"2026-09-05T06:05:12.366Z","event":"request","id":"af09bdc7-0c3a-4bcc-9f4b-d0f878816065","method":"GET","path":"/api/v1/video/slide-svg","ms":0}
{"time":"2026-09-05T06:05:12.367Z","event":"request","id":"119fc971-51ba-4628-a846-cbf4cfa47273","method":"GET","path":"/api/v1/video/slide-svg","ms":1}
{"time":"2026-09-05T06:05:12.367Z","event":"request","id":"ac633add-460a-431f-9bbf-59be8fb307c5","method":"GET","path":"/api/v1/video/slide-svg","ms":0}
{"time":"2026-09-05T06:05:12.763Z","event":"request","id":"1c7b3958-b923-4847-92e7-67da0e159295","method":"GET","path":"/api/v1/notes","ms":0}
{"time":"2026-09-05T06:06:31.048Z","event":"request.error","id":"4de7cf56-81cc-4f3f-beae-5dfa45c7106c","method":"POST","status":422,"code":"INVALID_INPUT"}
{"time":"2026-09-05T06:06:35.807Z","event":"request","id":"322644d6-501b-4522-95c0-b1d7d573fa76","method":"GET","path":"/storage/audio/cw-5627ffbf-p2-s5.mp3","ms":1}
{"time":"2026-09-05T06:06:35.808Z","event":"request","id":"ba45d9b7-fdc1-4c5e-81de-f1ff6da5202f","method":"GET","path":"/storage/audio/cw-5627ffbf-p3-s0.mp3","ms":2}
{"time":"2026-09-05T06:06:35.808Z","event":"request","id":"9d3efcc3-44ab-41a8-bdf0-223758067347","method":"GET","path":"/storage/audio/cw-5627ffbf-p2-s6.mp3","ms":2}
{"time":"2026-09-05T06:06:35.808Z","event":"request","id":"7a7811ec-913e-4fb4-b0d0-4fd1d1374ef4","method":"GET","path":"/storage/audio/cw-5627ffbf-p4-s0.mp3","ms":1}
{"time":"2026-09-05T06:06:35.808Z","event":"request","id":"5abaf938-4a0b-4d11-8875-0bdd33abfd03","method":"GET","path":"/storage/audio/cw-5627ffbf-p3-s1.mp3","ms":1}
{"time":"2026-09-05T06:06:35.809Z","event":"request","id":"83ce9d48-102a-42e9-947b-8564272692e1","method":"GET","path":"/storage/audio/cw-5627ffbf-p3-s0.mp3","ms":1}
{"time":"2026-09-05T06:06:35.810Z","event":"request","id":"92271795-ae75-4fb9-8d53-9ee7457b9a2e","method":"GET","path":"/storage/audio/cw-5627ffbf-p3-s2.mp3","ms":1}
{"time":"2026-09-05T06:06:35.810Z","event":"request","id":"5c79974a-4ecf-45c9-9ee5-3add82e027ed","method":"GET","path":"/storage/audio/cw-5627ffbf-p4-s0.mp3","ms":1}
{"time":"2026-09-05T06:06:35.810Z","event":"request","id":"0def2f33-c16f-4ba0-8811-a48135441197","method":"GET","path":"/storage/audio/cw-5627ffbf-p3-s1.mp3","ms":1}
{"time":"2026-09-05T06:06:35.811Z","event":"request","id":"a0de0a62-ff63-4b4d-8be0-7eb16afa8f00","method":"GET","path":"/storage/audio/cw-5627ffbf-p3-s3.mp3","ms":2}
{"time":"2026-09-05T06:06:35.812Z","event":"request","id":"a41abae6-871f-4af4-a1a4-d4ea0c2c91a0","method":"GET","path":"/storage/audio/cw-5627ffbf-p3-s2.mp3","ms":2}
{"time":"2026-09-05T06:06:35.813Z","event":"request","id":"874b7c8c-7b70-40af-8d0f-307386c91448","method":"GET","path":"/storage/audio/cw-5627ffbf-p3-s4.mp3","ms":1}
{"time":"2026-09-05T06:06:35.813Z","event":"request","id":"c8f1907f-d925-487f-8169-3fb80385a3ea","method":"GET","path":"/storage/audio/cw-5627ffbf-p4-s0.mp3","ms":1}
{"time":"2026-09-05T06:06:35.813Z","event":"request","id":"6db282f8-51f6-4fce-aa31-1ad5e59c86a8","method":"GET","path":"/storage/audio/cw-5627ffbf-p3-s3.mp3","ms":1}
{"time":"2026-09-05T06:06:35.814Z","event":"request","id":"5907bc05-be55-4193-85c1-82e9b51f5c37","method":"GET","path":"/storage/audio/cw-5627ffbf-p3-s5.mp3","ms":2}
{"time":"2026-09-05T06:06:35.815Z","event":"request","id":"31efc7db-a067-4dcc-a25e-a24222635153","method":"GET","path":"/storage/audio/cw-5627ffbf-p3-s4.mp3","ms":1}
{"time":"2026-09-05T06:06:35.815Z","event":"request","id":"bf9ec34e-8c12-4f19-808f-6449364221f5","method":"GET","path":"/storage/audio/cw-5627ffbf-p4-s0.mp3","ms":1}
{"time":"2026-09-05T06:06:35.815Z","event":"request","id":"2ee52561-568d-4c7c-93e4-5f337ac39fc4","method":"GET","path":"/storage/audio/cw-5627ffbf-p3-s5.mp3","ms":1}
{"time":"2026-09-05T06:06:35.817Z","event":"request","id":"9c09dc02-e69d-4c75-9ad9-640d098f6fd1","method":"GET","path":"/storage/audio/cw-5627ffbf-p4-s0.mp3","ms":1}
{"time":"2026-09-05T06:06:35.818Z","event":"request","id":"1891f2f5-b8d7-439d-b3f3-4ddb87f65d90","method":"GET","path":"/storage/audio/cw-5627ffbf-p4-s0.mp3","ms":1}
{"time":"2026-09-05T06:06:41.031Z","event":"request","id":"e182bc72-ac52-4c63-a95e-fb866fb2f8a7","method":"GET","path":"/storage/audio/cw-5627ffbf-p4-s2.mp3","ms":1}
{"time":"2026-09-05T06:06:41.875Z","event":"request","id":"72149bd7-d3ea-489a-af78-9b26deffa320","method":"GET","path":"/storage/audio/cw-5627ffbf-p0-s1.mp3","ms":1}
{"time":"2026-09-05T06:06:41.876Z","event":"request","id":"0dfff2aa-9510-44c0-9894-7a1644c8fae8","method":"GET","path":"/storage/audio/cw-5627ffbf-p1-s0.mp3","ms":2}
{"time":"2026-09-05T06:06:41.876Z","event":"request","id":"cd6c4851-ddd0-4a92-9364-43bbcc0d8ad9","method":"GET","path":"/storage/audio/cw-5627ffbf-p0-s0.mp3","ms":1}
{"time":"2026-09-05T06:06:41.877Z","event":"request","id":"dfcbfdbc-d5f8-4f60-acdd-e5591d4d51cd","method":"GET","path":"/storage/audio/cw-5627ffbf-p0-s1.mp3","ms":1}
{"time":"2026-09-05T06:06:41.878Z","event":"request","id":"8c595f63-d624-4bd2-975a-abb3d602a0c1","method":"GET","path":"/storage/audio/cw-5627ffbf-p1-s0.mp3","ms":1}
{"time":"2026-09-05T06:06:41.878Z","event":"request","id":"3d3cddeb-6511-4674-b092-ce3ff485aa36","method":"GET","path":"/storage/audio/cw-5627ffbf-p0-s0.mp3","ms":1}
{"time":"2026-09-05T06:06:41.980Z","event":"request.error","id":"f00dce1c-decf-447f-a3ab-de28b24c1950","method":"GET","status":404,"code":"NOT_FOUND"}
{"time":"2026-09-05T06:06:44.146Z","event":"request","id":"9df3539c-10dd-4ccf-8a7c-5e2023a7ad99","method":"GET","path":"/storage/audio/cw-5627ffbf-p2-s0.mp3","ms":0}
{"time":"2026-09-05T06:06:44.147Z","event":"request","id":"3a38d393-6878-4d9d-8002-afb413295eeb","method":"GET","path":"/storage/audio/cw-5627ffbf-p1-s1.mp3","ms":2}
{"time":"2026-09-05T06:06:45.258Z","event":"request","id":"1040c1ee-588e-43ce-982e-b512639bb6bb","method":"GET","path":"/storage/audio/cw-5627ffbf-p2-s1.mp3","ms":1}
{"time":"2026-09-05T06:06:50.186Z","event":"request","id":"f524ce00-8fee-42d7-abff-79912aa90533","method":"GET","path":"/storage/audio/cw-5627ffbf-p2-s2.mp3","ms":1}
{"time":"2026-09-05T06:06:56.863Z","event":"request","id":"d7cc5b0b-6e9f-47f2-a26a-e1db73e3fb0a","method":"GET","path":"/storage/audio/cw-5627ffbf-p0-s2.mp3","ms":1}
{"time":"2026-09-05T06:07:05.723Z","event":"request","id":"5b720436-c847-4576-b08f-d1a9d54ddd87","method":"GET","path":"/storage/audio/cw-5627ffbf-p1-s2.mp3","ms":1}
{"time":"2026-09-05T06:13:12.075Z","event":"request","id":"621fcd0a-c4e5-4796-8749-ad7eaab12bbb","method":"GET","path":"/search.html","ms":1}
{"time":"2026-09-05T06:13:12.102Z","event":"request","id":"bd023eb6-24f1-4351-833f-7cb216101fcb","method":"GET","path":"/vortex.js","ms":1}
{"time":"2026-09-05T06:13:12.102Z","event":"request","id":"179af2a0-bf36-4826-86ad-7a240d86b21b","method":"GET","path":"/mdrender.js","ms":1}
{"time":"2026-09-05T06:13:12.107Z","event":"request","id":"b11b2d31-bb23-465c-b1ef-a74ee5dae983","method":"GET","path":"/lucide-unify.js","ms":1}
{"time":"2026-09-05T06:13:12.422Z","event":"request.error","id":"5cb46695-f689-4689-8391-3ac7bfa355c7","method":"GET","status":404,"code":"NOT_FOUND"}
{"time":"2026-09-05T06:13:18.539Z","event":"request","id":"21c77ae9-5889-4a34-8794-8e090afce63f","method":"POST","path":"/api/v1/courseware/generate","ms":10}
{"time":"2026-09-05T06:13:18.554Z","event":"request","id":"9dad829a-f0de-4bdf-b6f2-ca3f033d750b","method":"GET","path":"/api/v1/video/status","ms":0}
{"time":"2026-09-05T06:13:20.564Z","event":"request","id":"bc48e987-7c03-4b70-8b6e-274e3d58240e","method":"GET","path":"/api/v1/video/status","ms":0}
{"time":"2026-09-05T06:13:22.570Z","event":"request","id":"3fc2d212-fd86-4ad5-8f70-06136519c773","method":"GET","path":"/api/v1/video/status","ms":0}
{"time":"2026-09-05T06:13:25.107Z","event":"request","id":"03b59287-f2eb-4f82-becc-1aa9959d23f2","method":"GET","path":"/api/v1/video/status","ms":0}
{"time":"2026-09-05T06:13:28.095Z","event":"request","id":"9b32c10d-ebdd-4cc5-b488-9c0cf512d2d8","method":"GET","path":"/api/v1/video/status","ms":0}
{"time":"2026-09-05T06:13:31.113Z","event":"request","id":"3719049d-d3c7-4dde-ae60-ac062aedcc47","method":"GET","path":"/api/v1/video/status","ms":1}
{"time":"2026-09-05T06:13:33.118Z","event":"request","id":"cd042913-9020-4088-9149-7840d458bb80","method":"GET","path":"/api/v1/video/status","ms":0}
{"time":"2026-09-05T06:13:35.125Z","event":"request","id":"9af22c10-fcdf-4112-ae12-6d58b4a30578","method":"GET","path":"/api/v1/video/status","ms":1}
{"time":"2026-09-05T06:13:37.130Z","event":"request","id":"e5e64c66-1fe6-455f-a557-c28a42b15eec","method":"GET","path":"/api/v1/video/status","ms":0}
{"time":"2026-09-05T06:13:39.135Z","event":"request","id":"aac41246-67e6-4561-9f63-f67ce8f8d928","method":"GET","path":"/api/v1/video/status","ms":0}
{"time":"2026-09-05T06:13:41.142Z","event":"request","id":"2922ef1e-465c-4391-a0bd-d481ed8c8f18","method":"GET","path":"/api/v1/video/status","ms":0}
{"time":"2026-09-05T06:13:43.148Z","event":"request","id":"31e15218-46a1-43e6-8ee2-71046b64c547","method":"GET","path":"/api/v1/video/status","ms":1}
{"time":"2026-09-05T06:13:45.158Z","event":"request","id":"76de878d-e2d2-4880-ae95-c55af7241d5f","method":"GET","path":"/api/v1/video/status","ms":0}
{"time":"2026-09-05T06:13:47.163Z","event":"request","id":"11c6296d-a834-4405-8017-7b48f968ad88","method":"GET","path":"/api/v1/video/status","ms":0}
{"time":"2026-09-05T06:13:49.169Z","event":"request","id":"b89a95e4-3b0d-4ecb-9869-6ab392d82d97","method":"GET","path":"/api/v1/video/status","ms":0}
{"time":"2026-09-05T06:13:51.174Z","event":"request","id":"30999fbd-978b-4c46-9960-7649e8ba2b29","method":"GET","path":"/api/v1/video/status","ms":0}
{"time":"2026-09-05T06:13:53.180Z","event":"request","id":"480768ab-bd96-4e93-8826-800dd291c107","method":"GET","path":"/api/v1/video/status","ms":0}
{"time":"2026-09-05T06:13:55.186Z","event":"request","id":"6077d97e-8775-41a2-a66b-d8fa5e1ef937","method":"GET","path":"/api/v1/video/status","ms":1}
{"time":"2026-09-05T06:13:57.191Z","event":"request","id":"14e24af8-1a47-4c96-aef8-da59ba451491","method":"GET","path":"/api/v1/video/status","ms":0}
{"time":"2026-09-05T06:13:59.197Z","event":"request","id":"56419c3f-7357-4b35-88d3-3bbee9cbfe75","method":"GET","path":"/api/v1/video/status","ms":1}
{"time":"2026-09-05T06:14:01.203Z","event":"request","id":"ffbcb185-5fe9-48b0-a334-029409945e6f","method":"GET","path":"/api/v1/video/status","ms":0}
{"time":"2026-09-05T06:14:03.213Z","event":"request","id":"93e9e418-0169-4ea9-923b-21a1d9740793","method":"GET","path":"/api/v1/video/status","ms":0}
{"time":"2026-09-05T06:14:05.219Z","event":"request","id":"6239e751-2449-4b46-b17d-a323c3af50ab","method":"GET","path":"/api/v1/video/status","ms":1}
{"time":"2026-09-05T06:14:07.224Z","event":"request","id":"fc936611-d78a-471d-934d-48d0ee87a428","method":"GET","path":"/api/v1/video/status","ms":0}
{"time":"2026-09-05T06:14:09.230Z","event":"request","id":"e481a372-7f24-4c41-ad84-f4895ca60763","method":"GET","path":"/api/v1/video/status","ms":1}
{"time":"2026-09-05T06:14:11.236Z","event":"request","id":"874b5344-45bb-4102-aa26-898e802e4e40","method":"GET","path":"/api/v1/video/status","ms":1}
{"time":"2026-09-05T06:14:13.242Z","event":"request","id":"fa3fc404-fe87-4ec7-bbc6-70335228ee78","method":"GET","path":"/api/v1/video/status","ms":1}
{"time":"2026-09-05T06:14:15.247Z","event":"request","id":"5aec2f40-5327-49c5-ad67-db065e557792","method":"GET","path":"/api/v1/video/status","ms":0}
{"time":"2026-09-05T06:14:17.252Z","event":"request","id":"904ce278-c0e6-46ed-a006-acb595821e5c","method":"GET","path":"/api/v1/video/status","ms":0}
{"time":"2026-09-05T06:14:19.266Z","event":"request","id":"5e9e23c7-186c-4063-831b-f7e083f80bc3","method":"GET","path":"/api/v1/video/status","ms":0}
{"time":"2026-09-05T06:14:21.274Z","event":"request","id":"47058551-77cc-414b-be6c-a45ad7c2b929","method":"GET","path":"/api/v1/video/status","ms":0}
{"time":"2026-09-05T06:14:23.280Z","event":"request","id":"d0af42f4-ffaa-4a1e-bf0c-8a18ac06b14e","method":"GET","path":"/api/v1/video/status","ms":0}
{"time":"2026-09-05T06:14:25.286Z","event":"request","id":"073ef0f2-928c-46a0-8899-248f2b7b673f","method":"GET","path":"/api/v1/video/status","ms":0}
{"time":"2026-09-05T06:14:27.291Z","event":"request","id":"a422e90d-98be-4c2a-92df-440fe288851c","method":"GET","path":"/api/v1/video/status","ms":0}
{"time":"2026-09-05T06:14:29.297Z","event":"request","id":"013b1c17-d97e-42e8-a620-38612584b63f","method":"GET","path":"/api/v1/video/status","ms":1}
{"time":"2026-09-05T06:14:31.301Z","event":"request","id":"eb8f167e-7759-4e2e-afa5-7fd216933843","method":"GET","path":"/api/v1/video/status","ms":1}
{"time":"2026-09-05T06:14:33.308Z","event":"request","id":"c31f67f5-6d5c-4043-906e-14956b783432","method":"GET","path":"/api/v1/video/status","ms":1}
{"time":"2026-09-05T06:14:35.312Z","event":"request","id":"e27ad978-3476-4897-8836-8c9c63d5c79e","method":"GET","path":"/api/v1/video/status","ms":1}
{"time":"2026-09-05T06:14:37.316Z","event":"request","id":"0eda890b-fcd0-4427-8361-76851c00d5d7","method":"GET","path":"/api/v1/video/status","ms":1}
{"time":"2026-09-05T06:14:39.321Z","event":"request","id":"acac7423-f5f7-4077-9c75-5dbd7ac505ae","method":"GET","path":"/api/v1/video/status","ms":0}
{"time":"2026-09-05T06:14:41.330Z","event":"request","id":"9a95808a-af1b-4750-bbe5-a3ee5a5e735e","method":"GET","path":"/api/v1/video/status","ms":0}
{"time":"2026-09-05T06:14:43.337Z","event":"request","id":"d35a5db5-2777-4807-ba3c-9f5cb0e834e4","method":"GET","path":"/api/v1/video/status","ms":1}
{"time":"2026-09-05T06:14:45.346Z","event":"request","id":"61c76fd4-1591-4758-8cd4-929357876320","method":"GET","path":"/api/v1/video/status","ms":0}
{"time":"2026-09-05T06:14:47.352Z","event":"request","id":"d6f67629-9efb-43f8-b064-43e56c74b6c7","method":"GET","path":"/api/v1/video/status","ms":1}
{"time":"2026-09-05T06:14:49.358Z","event":"request","id":"0efcc8ce-e639-4e51-b58f-306db7e7c39a","method":"GET","path":"/api/v1/video/status","ms":1}
{"time":"2026-09-05T06:14:51.363Z","event":"request","id":"41661a0d-966f-4739-8a85-dad1f87c7a20","method":"GET","path":"/api/v1/video/status","ms":0}
{"time":"2026-09-05T06:14:53.369Z","event":"request","id":"b7096671-5bc4-45b3-bf43-341dcf5e5096","method":"GET","path":"/api/v1/video/status","ms":1}
{"time":"2026-09-05T06:14:55.303Z","event":"edge_tts.probe","ok":false}
{"time":"2026-09-05T06:14:55.374Z","event":"request","id":"0e57644b-92f0-40fa-8a02-ef5df13192fa","method":"GET","path":"/api/v1/video/status","ms":0}
{"time":"2026-09-05T06:14:57.380Z","event":"request","id":"73cde24d-8d4f-4991-a391-5cd502614846","method":"GET","path":"/api/v1/video/status","ms":1}
{"time":"2026-09-05T06:14:58.566Z","event":"edge_tts.retry","attempt":1,"message":"edge-tts 退出码 1：Traceback (most recent call last):\r\n  File \"C:\\Users\\ASUS\\AppData\\Local\\Programs\\Python\\Python313\\Lib\\site-packages\\aiohttp\\connector.py\", line 1316, in _wrap_create_connection\r\n    return await self."}
{"time":"2026-09-05T06:14:59.385Z","event":"request","id":"a1f2815c-4c3c-4071-a033-dd32f5a18b42","method":"GET","path":"/api/v1/video/status","ms":0}
{"time":"2026-09-05T06:15:01.391Z","event":"request","id":"9710ea83-ee6d-435d-a384-f513fe22d576","method":"GET","path":"/api/v1/video/status","ms":1}
{"time":"2026-09-05T06:15:02.722Z","event":"edge_tts.retry","attempt":1,"message":"edge-tts 退出码 1：Traceback (most recent call last):\r\n  File \"C:\\Users\\ASUS\\AppData\\Local\\Programs\\Python\\Python313\\Lib\\site-packages\\aiohttp\\connector.py\", line 1316, in _wrap_create_connection\r\n    return await self."}
{"time":"2026-09-05T06:15:03.397Z","event":"request","id":"2a4afdda-c085-48d4-aead-ec07367d2582","method":"GET","path":"/api/v1/video/status","ms":1}
{"time":"2026-09-05T06:15:04.175Z","event":"edge_tts.retry","attempt":2,"message":"edge-tts 退出码 1：Traceback (most recent call last):\r\n  File \"C:\\Users\\ASUS\\AppData\\Local\\Programs\\Python\\Python313\\Lib\\site-packages\\aiohttp\\connector.py\", line 1316, in _wrap_create_connection\r\n    return await self."}
{"time":"2026-09-05T06:15:05.401Z","event":"request","id":"10e06440-52b7-4656-82c2-3a481ddd87d5","method":"GET","path":"/api/v1/video/status","ms":0}
{"time":"2026-09-05T06:15:06.851Z","event":"edge_tts.retry","attempt":3,"message":"edge-tts 退出码 1：Traceback (most recent call last):\r\n  File \"C:\\Users\\ASUS\\AppData\\Local\\Programs\\Python\\Python313\\Lib\\site-packages\\aiohttp\\connector.py\", line 1316, in _wrap_create_connection\r\n    return await self."}
{"time":"2026-09-05T06:15:07.407Z","event":"request","id":"3943e0d5-64c3-4c63-90f3-a0eb27daed2e","method":"GET","path":"/api/v1/video/status","ms":1}
{"time":"2026-09-05T06:15:09.412Z","event":"request","id":"701c279b-cacb-464b-b712-d8a0db6e4529","method":"GET","path":"/api/v1/video/status","ms":0}
{"time":"2026-09-05T06:15:10.702Z","event":"edge_tts.retry","attempt":4,"message":"edge-tts 退出码 1：Traceback (most recent call last):\r\n  File \"C:\\Users\\ASUS\\AppData\\Local\\Programs\\Python\\Python313\\Lib\\site-packages\\aiohttp\\connector.py\", line 1316, in _wrap_create_connection\r\n    return await self."}
{"time":"2026-09-05T06:15:11.419Z","event":"request","id":"7c1ab78f-ab36-46bc-86b2-2688636c442d","method":"GET","path":"/api/v1/video/status","ms":1}
{"time":"2026-09-05T06:15:13.423Z","event":"request","id":"63bfbc9c-ac2b-4f0f-b1dd-d5febdfdf6b9","method":"GET","path":"/api/v1/video/status","ms":1}
{"time":"2026-09-05T06:15:14.805Z","event":"edge_tts.failed","text":"前序遍历是根-左-右的顺序访问节点。"}
{"time":"2026-09-05T06:15:15.428Z","event":"request","id":"9f76b5ae-2488-4bb8-adce-154dd0678536","method":"GET","path":"/api/v1/video/status","ms":0}
{"time":"2026-09-05T06:15:17.434Z","event":"request","id":"05b2309e-b52f-47e2-a3d0-9470a0489d96","method":"GET","path":"/api/v1/video/status","ms":1}
{"time":"2026-09-05T06:15:19.439Z","event":"request","id":"5633971b-da23-4e31-898c-598b67d32220","method":"GET","path":"/api/v1/video/status","ms":0}
{"time":"2026-09-05T06:15:21.444Z","event":"request","id":"4ec54ad6-f4a2-4812-ab86-6b15fe595053","method":"GET","path":"/api/v1/video/status","ms":0}
{"time":"2026-09-05T06:15:23.451Z","event":"request","id":"9014f306-cf41-4d6e-9e7b-fb3bca2ccbe1","method":"GET","path":"/api/v1/video/status","ms":0}
{"time":"2026-09-05T06:15:25.460Z","event":"request","id":"ded03988-8aaf-487e-8b41-ccad66e2e4b7","method":"GET","path":"/api/v1/video/status","ms":0}
{"time":"2026-09-05T06:15:27.466Z","event":"request","id":"e2cc2bac-38a8-44cc-bcde-561a204e19f6","method":"GET","path":"/api/v1/video/status","ms":1}
{"time":"2026-09-05T06:15:29.229Z","event":"edge_tts.retry","attempt":1,"message":"edge-tts 退出码 1：Traceback (most recent call last):\r\n  File \"C:\\Users\\ASUS\\AppData\\Local\\Programs\\Python\\Python313\\Lib\\site-packages\\aiohttp\\connector.py\", line 1316, in _wrap_create_connection\r\n    return await self."}
{"time":"2026-09-05T06:15:29.472Z","event":"request","id":"e9164006-c2e8-425e-afa7-232a2e0a2e65","method":"GET","path":"/api/v1/video/status","ms":0}
{"time":"2026-09-05T06:15:30.685Z","event":"edge_tts.retry","attempt":2,"message":"edge-tts 退出码 1：Traceback (most recent call last):\r\n  File \"C:\\Users\\ASUS\\AppData\\Local\\Programs\\Python\\Python313\\Lib\\site-packages\\aiohttp\\connector.py\", line 1316, in _wrap_create_connection\r\n    return await self."}
{"time":"2026-09-05T06:15:31.478Z","event":"request","id":"351c48ec-6609-40a1-b4e0-4e53d6228d8f","method":"GET","path":"/api/v1/video/status","ms":1}
{"time":"2026-09-05T06:15:33.483Z","event":"request","id":"33033b5a-e279-4e61-a347-61012c33d4d7","method":"GET","path":"/api/v1/video/status","ms":0}
{"time":"2026-09-05T06:15:35.489Z","event":"request","id":"6f99301e-4114-40b8-bb71-26865c90c5b5","method":"GET","path":"/api/v1/video/status","ms":0}
{"time":"2026-09-05T06:15:37.495Z","event":"request","id":"4494f069-2277-4b89-9969-a6a972e85462","method":"GET","path":"/api/v1/video/status","ms":1}
{"time":"2026-09-05T06:15:38.582Z","event":"edge_tts.retry","attempt":1,"message":"edge-tts 退出码 1：Traceback (most recent call last):\r\n  File \"C:\\Users\\ASUS\\AppData\\Local\\Programs\\Python\\Python313\\Lib\\site-packages\\aiohttp\\connector.py\", line 1316, in _wrap_create_connection\r\n    return await self."}
{"time":"2026-09-05T06:15:39.500Z","event":"request","id":"e19554c3-90bb-4e14-be97-3b228f52bfb3","method":"GET","path":"/api/v1/video/status","ms":0}
{"time":"2026-09-05T06:15:41.506Z","event":"request","id":"51206b48-db13-4ea2-905f-f07e152092cf","method":"GET","path":"/api/v1/video/status","ms":1}
{"time":"2026-09-05T06:15:43.511Z","event":"request","id":"7a9dfe21-5414-4a92-ab68-cc7aa67adedd","method":"GET","path":"/api/v1/video/status","ms":0}
{"time":"2026-09-05T06:15:45.516Z","event":"request","id":"0ba3946a-bad9-41cb-a785-d0c618bac430","method":"GET","path":"/api/v1/video/status","ms":0}
{"time":"2026-09-05T06:15:47.523Z","event":"request","id":"595007a1-bf35-4f0c-9934-e7e134bfb14d","method":"GET","path":"/api/v1/video/status","ms":1}
{"time":"2026-09-05T06:15:47.974Z","event":"edge_tts.retry","attempt":1,"message":"edge-tts 退出码 1：Traceback (most recent call last):\r\n  File \"C:\\Users\\ASUS\\AppData\\Local\\Programs\\Python\\Python313\\Lib\\site-packages\\aiohttp\\connector.py\", line 1316, in _wrap_create_connection\r\n    return await self."}
{"time":"2026-09-05T06:15:49.528Z","event":"request","id":"4896a88f-3ca9-45d9-a10b-5b5e4cb013ec","method":"GET","path":"/api/v1/video/status","ms":0}
{"time":"2026-09-05T06:15:51.533Z","event":"request","id":"bedcfe25-bdd7-4775-9aff-a0c808f5ce93","method":"GET","path":"/api/v1/video/status","ms":0}
{"time":"2026-09-05T06:15:53.539Z","event":"request","id":"901ef057-3658-428f-b504-b7550efdcf94","method":"GET","path":"/api/v1/video/status","ms":1}
{"time":"2026-09-05T06:15:55.544Z","event":"request","id":"8a98e6a5-f4e4-40d7-a0e7-b7dd93487c19","method":"GET","path":"/api/v1/video/status","ms":0}
{"time":"2026-09-05T06:15:57.526Z","event":"edge_tts.retry","attempt":1,"message":"edge-tts 退出码 1：Traceback (most recent call last):\r\n  File \"C:\\Users\\ASUS\\AppData\\Local\\Programs\\Python\\Python313\\Lib\\site-packages\\aiohttp\\connector.py\", line 1316, in _wrap_create_connection\r\n    return await self."}
{"time":"2026-09-05T06:15:57.550Z","event":"request","id":"405fd63e-ddd5-48d4-8fd7-a36de26d8f9f","method":"GET","path":"/api/v1/video/status","ms":0}
{"time":"2026-09-05T06:15:58.969Z","event":"edge_tts.retry","attempt":2,"message":"edge-tts 退出码 1：Traceback (most recent call last):\r\n  File \"C:\\Users\\ASUS\\AppData\\Local\\Programs\\Python\\Python313\\Lib\\site-packages\\aiohttp\\connector.py\", line 1316, in _wrap_create_connection\r\n    return await self."}
{"time":"2026-09-05T06:15:59.555Z","event":"request","id":"522f228a-d6b1-4775-a088-38ea6c452acf","method":"GET","path":"/api/v1/video/status","ms":0}
{"time":"2026-09-05T06:16:01.561Z","event":"request","id":"d473177a-f4f0-401e-825b-0589ba632c78","method":"GET","path":"/api/v1/video/status","ms":1}
{"time":"2026-09-05T06:16:01.630Z","event":"edge_tts.retry","attempt":3,"message":"edge-tts 退出码 1：Traceback (most recent call last):\r\n  File \"C:\\Users\\ASUS\\AppData\\Local\\Programs\\Python\\Python313\\Lib\\site-packages\\aiohttp\\connector.py\", line 1316, in _wrap_create_connection\r\n    return await self."}
{"time":"2026-09-05T06:16:03.567Z","event":"request","id":"3f1be238-16a5-4b3d-92c1-57136aa5a46e","method":"GET","path":"/api/v1/video/status","ms":1}
{"time":"2026-09-05T06:16:05.531Z","event":"edge_tts.retry","attempt":4,"message":"edge-tts 退出码 1：Traceback (most recent call last):\r\n  File \"C:\\Users\\ASUS\\AppData\\Local\\Programs\\Python\\Python313\\Lib\\site-packages\\aiohttp\\connector.py\", line 1316, in _wrap_create_connection\r\n    return await self."}
{"time":"2026-09-05T06:16:05.571Z","event":"request","id":"846b4487-a754-424b-99ab-3e0f45b2eafc","method":"GET","path":"/api/v1/video/status","ms":1}
{"time":"2026-09-05T06:16:07.578Z","event":"request","id":"b791fa52-20a4-4c66-b2c8-95f7d65c410d","method":"GET","path":"/api/v1/video/status","ms":1}
{"time":"2026-09-05T06:16:09.583Z","event":"request","id":"201a71ff-8f1c-4335-8a0a-fd3a7ae89ebb","method":"GET","path":"/api/v1/video/status","ms":0}
{"time":"2026-09-05T06:16:09.643Z","event":"edge_tts.failed","text":"它能让输出结果按升序排列，方便我们验证BST性质和进行数据排序。"}
{"time":"2026-09-05T06:16:10.944Z","event":"edge_tts.retry","attempt":1,"message":"edge-tts 退出码 1：Traceback (most recent call last):\r\n  File \"C:\\Users\\ASUS\\AppData\\Local\\Programs\\Python\\Python313\\Lib\\site-packages\\aiohttp\\connector.py\", line 1316, in _wrap_create_connection\r\n    return await self."}
{"time":"2026-09-05T06:16:11.589Z","event":"request","id":"aa4202f9-4d01-419e-96c7-ed7c016b9183","method":"GET","path":"/api/v1/video/status","ms":1}
{"time":"2026-09-05T06:16:13.595Z","event":"request","id":"e2acf3d2-ded1-4653-8f88-97bf91ae0a56","method":"GET","path":"/api/v1/video/status","ms":0}
{"time":"2026-09-05T06:16:15.600Z","event":"request","id":"29f70bd6-ae81-4866-a74c-70185f115d5f","method":"GET","path":"/api/v1/video/status","ms":0}
{"time":"2026-09-05T06:16:17.607Z","event":"request","id":"b9597a8a-6dcc-4d92-a17d-bc8a453cd27b","method":"GET","path":"/api/v1/video/status","ms":0}
{"time":"2026-09-05T06:16:19.618Z","event":"request","id":"8f8d7554-5443-41e2-a061-a69945b7e759","method":"GET","path":"/api/v1/video/status","ms":1}
{"time":"2026-09-05T06:16:21.630Z","event":"request","id":"ab9d0e1c-fc4e-41e4-86b3-32058a5f1287","method":"GET","path":"/api/v1/video/status","ms":1}
{"time":"2026-09-05T06:16:23.639Z","event":"request","id":"5cb2937a-0691-4f63-b1bf-e1c6931e6248","method":"GET","path":"/api/v1/video/status","ms":0}
{"time":"2026-09-05T06:16:23.843Z","event":"edge_tts.retry","attempt":1,"message":"edge-tts 退出码 1：Traceback (most recent call last):\r\n  File \"C:\\Users\\ASUS\\AppData\\Local\\Programs\\Python\\Python313\\Lib\\site-packages\\aiohttp\\connector.py\", line 1316, in _wrap_create_connection\r\n    return await self."}
{"time":"2026-09-05T06:16:25.310Z","event":"edge_tts.retry","attempt":2,"message":"edge-tts 退出码 1：Traceback (most recent call last):\r\n  File \"C:\\Users\\ASUS\\AppData\\Local\\Programs\\Python\\Python313\\Lib\\site-packages\\aiohttp\\connector.py\", line 1316, in _wrap_create_connection\r\n    return await self."}
{"time":"2026-09-05T06:16:25.646Z","event":"request","id":"223417ac-daee-4448-a8b4-7c1ec741d69f","method":"GET","path":"/api/v1/video/status","ms":1}
{"time":"2026-09-05T06:16:27.651Z","event":"request","id":"f9233ef9-d54d-4ff7-a518-395baae75b03","method":"GET","path":"/api/v1/video/status","ms":0}
{"time":"2026-09-05T06:16:27.960Z","event":"edge_tts.retry","attempt":3,"message":"edge-tts 退出码 1：Traceback (most recent call last):\r\n  File \"C:\\Users\\ASUS\\AppData\\Local\\Programs\\Python\\Python313\\Lib\\site-packages\\aiohttp\\connector.py\", line 1316, in _wrap_create_connection\r\n    return await self."}
{"time":"2026-09-05T06:16:29.656Z","event":"request","id":"05cb8745-b309-4a84-9402-de6d3557944c","method":"GET","path":"/api/v1/video/status","ms":0}
{"time":"2026-09-05T06:16:31.662Z","event":"request","id":"e86e54d0-03b2-40aa-b682-8999e0695fc7","method":"GET","path":"/api/v1/video/status","ms":1}
{"time":"2026-09-05T06:16:31.827Z","event":"edge_tts.retry","attempt":4,"message":"edge-tts 退出码 1：Traceback (most recent call last):\r\n  File \"C:\\Users\\ASUS\\AppData\\Local\\Programs\\Python\\Python313\\Lib\\site-packages\\aiohttp\\connector.py\", line 1316, in _wrap_create_connection\r\n    return await self."}
{"time":"2026-09-05T06:16:33.667Z","event":"request","id":"57b00a42-2972-4596-845f-b7eec4e8efb7","method":"GET","path":"/api/v1/video/status","ms":1}
{"time":"2026-09-05T06:16:35.672Z","event":"request","id":"7dbddd55-8303-4744-b00e-c0ebf84683d7","method":"GET","path":"/api/v1/video/status","ms":0}
{"time":"2026-09-05T06:16:35.941Z","event":"edge_tts.failed","text":"中序遍历不仅有助于理解二叉搜索树，还广泛应用于各种排序算法。"}
{"time":"2026-09-05T06:16:37.205Z","event":"edge_tts.retry","attempt":1,"message":"edge-tts 退出码 1：Traceback (most recent call last):\r\n  File \"C:\\Users\\ASUS\\AppData\\Local\\Programs\\Python\\Python313\\Lib\\site-packages\\aiohttp\\connector.py\", line 1316, in _wrap_create_connection\r\n    return await self."}
{"time":"2026-09-05T06:16:37.679Z","event":"request","id":"3f1e1f46-7c20-4192-9663-6632d0051ee7","method":"GET","path":"/api/v1/video/status","ms":1}
{"time":"2026-09-05T06:16:39.684Z","event":"request","id":"83a483f7-a126-4cc2-be6c-f0a9258707cf","method":"GET","path":"/api/v1/video/status","ms":1}
{"time":"2026-09-05T06:16:41.469Z","event":"edge_tts.retry","attempt":1,"message":"edge-tts 退出码 1：Traceback (most recent call last):\r\n  File \"C:\\Users\\ASUS\\AppData\\Local\\Programs\\Python\\Python313\\Lib\\site-packages\\aiohttp\\connector.py\", line 1316, in _wrap_create_connection\r\n    return await self."}
{"time":"2026-09-05T06:16:41.689Z","event":"request","id":"1333e036-094d-4a4e-b610-88bf9a0a09b5","method":"GET","path":"/api/v1/video/status","ms":1}
{"time":"2026-09-05T06:16:43.695Z","event":"request","id":"7a5356da-a40e-484b-b2da-bc089874f8b4","method":"GET","path":"/api/v1/video/status","ms":1}
{"time":"2026-09-05T06:16:45.700Z","event":"request","id":"3da34009-6f24-4244-bbc7-cce58508e8d7","method":"GET","path":"/api/v1/video/status","ms":0}
{"time":"2026-09-05T06:16:47.706Z","event":"request","id":"16603419-cf5b-4767-8949-1afc155074b0","method":"GET","path":"/api/v1/video/status","ms":0}
{"time":"2026-09-05T06:16:48.467Z","event":"edge_tts.retry","attempt":1,"message":"edge-tts 退出码 1：Traceback (most recent call last):\r\n  File \"C:\\Users\\ASUS\\AppData\\Local\\Programs\\Python\\Python313\\Lib\\site-packages\\aiohttp\\connector.py\", line 1316, in _wrap_create_connection\r\n    return await self."}
{"time":"2026-09-05T06:16:49.712Z","event":"request","id":"56e45887-146a-4ad1-9db0-baee8dbb724e","method":"GET","path":"/api/v1/video/status","ms":0}
{"time":"2026-09-05T06:16:51.723Z","event":"request","id":"766d6f67-cc1b-460e-a2db-810bd5f0e03e","method":"GET","path":"/api/v1/video/status","ms":1}
{"time":"2026-09-05T06:16:52.499Z","event":"edge_tts.retry","attempt":1,"message":"edge-tts 退出码 1：Traceback (most recent call last):\r\n  File \"C:\\Users\\ASUS\\AppData\\Local\\Programs\\Python\\Python313\\Lib\\site-packages\\aiohttp\\connector.py\", line 1316, in _wrap_create_connection\r\n    return await self."}
{"time":"2026-09-05T06:16:53.727Z","event":"request","id":"2a753549-588b-4bfb-95cc-f3b9e923a5f4","method":"GET","path":"/api/v1/video/status","ms":0}
{"time":"2026-09-05T06:16:55.734Z","event":"request","id":"b94abceb-d85d-4a9d-9ac4-3234c2d0ceed","method":"GET","path":"/api/v1/video/status","ms":0}
{"time":"2026-09-05T06:16:57.265Z","event":"edge_tts.retry","attempt":1,"message":"edge-tts 退出码 1：Traceback (most recent call last):\r\n  File \"C:\\Users\\ASUS\\AppData\\Local\\Programs\\Python\\Python313\\Lib\\site-packages\\aiohttp\\connector.py\", line 1316, in _wrap_create_connection\r\n    return await self."}
{"time":"2026-09-05T06:16:57.739Z","event":"request","id":"de7bfc18-aea2-409e-b5c3-69503aa5065e","method":"GET","path":"/api/v1/video/status","ms":1}
{"time":"2026-09-05T06:16:58.745Z","event":"edge_tts.retry","attempt":2,"message":"edge-tts 退出码 1：Traceback (most recent call last):\r\n  File \"C:\\Users\\ASUS\\AppData\\Local\\Programs\\Python\\Python313\\Lib\\site-packages\\aiohttp\\connector.py\", line 1316, in _wrap_create_connection\r\n    return await self."}
{"time":"2026-09-05T06:16:59.744Z","event":"request","id":"adf733e2-d052-43d7-848b-26eb2640d693","method":"GET","path":"/api/v1/video/status","ms":0}
{"time":"2026-09-05T06:17:01.396Z","event":"edge_tts.retry","attempt":3,"message":"edge-tts 退出码 1：Traceback (most recent call last):\r\n  File \"C:\\Users\\ASUS\\AppData\\Local\\Programs\\Python\\Python313\\Lib\\site-packages\\aiohttp\\connector.py\", line 1316, in _wrap_create_connection\r\n    return await self."}
{"time":"2026-09-05T06:17:01.766Z","event":"request","id":"dfc4553d-d95d-4368-9d0e-03d22e3dd45c","method":"GET","path":"/watch.html","ms":1}
{"time":"2026-09-05T06:17:01.799Z","event":"request","id":"9507f326-7e81-4351-bb5c-4a2388488aec","method":"GET","path":"/mdrender.js","ms":1}
{"time":"2026-09-05T06:17:01.800Z","event":"request","id":"db16ec2f-c7bd-428a-a89e-285f1a7a2e44","method":"GET","path":"/lucide-unify.js","ms":2}
{"time":"2026-09-05T06:17:01.800Z","event":"request","id":"9bebee07-e83c-4076-b7b4-d730ea140c99","method":"GET","path":"/lieflat-charts.js","ms":2}
{"time":"2026-09-05T06:17:01.800Z","event":"request","id":"b64ba94b-72b7-4a40-86d4-1442e382c194","method":"GET","path":"/scene-templates.js","ms":1}
{"time":"2026-09-05T06:17:01.800Z","event":"request","id":"e1373e0f-5f4a-4aeb-9792-ad458d56541b","method":"GET","path":"/courseware-engine.js","ms":1}
{"time":"2026-09-05T06:17:01.810Z","event":"request","id":"df9247e0-4981-4d39-b076-e68afb0b5487","method":"GET","path":"/api/v1/video/status","ms":0}
{"time":"2026-09-05T06:17:03.860Z","event":"request","id":"88c85514-d723-4ab9-b356-c6510729548a","method":"GET","path":"/api/v1/video/status","ms":0}
{"time":"2026-09-05T06:17:05.866Z","event":"request","id":"4538b239-617e-4339-ab3b-19aed8c4dd18","method":"GET","path":"/api/v1/video/status","ms":1}
{"time":"2026-09-05T06:17:07.872Z","event":"request","id":"46ea64cc-fa9c-4e6e-95c2-71f5e72ca716","method":"GET","path":"/api/v1/video/status","ms":1}
{"time":"2026-09-05T06:17:08.420Z","event":"edge_tts.retry","attempt":1,"message":"edge-tts 退出码 1：Traceback (most recent call last):\r\n  File \"C:\\Users\\ASUS\\AppData\\Local\\Programs\\Python\\Python313\\Lib\\site-packages\\aiohttp\\connector.py\", line 1316, in _wrap_create_connection\r\n    return await self."}
{"time":"2026-09-05T06:17:09.862Z","event":"edge_tts.retry","attempt":2,"message":"edge-tts 退出码 1：Traceback (most recent call last):\r\n  File \"C:\\Users\\ASUS\\AppData\\Local\\Programs\\Python\\Python313\\Lib\\site-packages\\aiohttp\\connector.py\", line 1316, in _wrap_create_connection\r\n    return await self."}
{"time":"2026-09-05T06:17:09.877Z","event":"request","id":"8b8510f1-1ab7-42ce-8a0e-dd1843212e02","method":"GET","path":"/api/v1/video/status","ms":1}
{"time":"2026-09-05T06:17:11.882Z","event":"request","id":"4d0b7093-2d17-4c43-8e95-4bfee5fb23f0","method":"GET","path":"/api/v1/video/status","ms":0}
{"time":"2026-09-05T06:17:12.507Z","event":"edge_tts.retry","attempt":3,"message":"edge-tts 退出码 1：Traceback (most recent call last):\r\n  File \"C:\\Users\\ASUS\\AppData\\Local\\Programs\\Python\\Python313\\Lib\\site-packages\\aiohttp\\connector.py\", line 1316, in _wrap_create_connection\r\n    return await self."}
{"time":"2026-09-05T06:17:13.888Z","event":"request","id":"dc5d43cb-bee2-4417-b8bd-ad39c4ac5760","method":"GET","path":"/api/v1/video/status","ms":1}
{"time":"2026-09-05T06:17:15.893Z","event":"request","id":"baebc101-e366-44af-9d70-b4ae554e61f4","method":"GET","path":"/api/v1/video/status","ms":1}
{"time":"2026-09-05T06:17:17.899Z","event":"request","id":"af168ac5-c18a-47d3-87ec-3cc8ce307c18","method":"GET","path":"/api/v1/video/status","ms":1}
{"time":"2026-09-05T06:17:19.904Z","event":"request","id":"85837835-5657-4d6b-9f69-d593c0770048","method":"GET","path":"/api/v1/video/status","ms":0}
{"time":"2026-09-05T06:17:21.911Z","event":"request","id":"08c118d8-9e21-471e-aa84-21a7ca156cbc","method":"GET","path":"/api/v1/video/status","ms":1}
{"time":"2026-09-05T06:17:22.355Z","event":"edge_tts.retry","attempt":1,"message":"edge-tts 退出码 1：Traceback (most recent call last):\r\n  File \"C:\\Users\\ASUS\\AppData\\Local\\Programs\\Python\\Python313\\Lib\\site-packages\\aiohttp\\connector.py\", line 1316, in _wrap_create_connection\r\n    return await self."}
{"time":"2026-09-05T06:17:23.797Z","event":"edge_tts.retry","attempt":2,"message":"edge-tts 退出码 1：Traceback (most recent call last):\r\n  File \"C:\\Users\\ASUS\\AppData\\Local\\Programs\\Python\\Python313\\Lib\\site-packages\\aiohttp\\connector.py\", line 1316, in _wrap_create_connection\r\n    return await self."}
{"time":"2026-09-05T06:17:23.915Z","event":"request","id":"5d075a42-ef66-44d3-aed2-8422376b2fa4","method":"GET","path":"/api/v1/video/status","ms":0}
{"time":"2026-09-05T06:17:25.920Z","event":"request","id":"e65b135f-e8ac-4504-bcb0-f3b5472dc253","method":"GET","path":"/api/v1/video/status","ms":0}
{"time":"2026-09-05T06:17:26.437Z","event":"edge_tts.retry","attempt":3,"message":"edge-tts 退出码 1：Traceback (most recent call last):\r\n  File \"C:\\Users\\ASUS\\AppData\\Local\\Programs\\Python\\Python313\\Lib\\site-packages\\aiohttp\\connector.py\", line 1316, in _wrap_create_connection\r\n    return await self."}
{"time":"2026-09-05T06:17:27.926Z","event":"request","id":"b0bcb3f6-a213-4bd7-b92b-982610a54617","method":"GET","path":"/api/v1/video/status","ms":0}
{"time":"2026-09-05T06:17:29.931Z","event":"request","id":"e49bc061-3c9f-4e38-8c2e-60b0538b2fd2","method":"GET","path":"/api/v1/video/status","ms":0}
{"time":"2026-09-05T06:17:31.937Z","event":"request","id":"794c0b1f-00ff-42b2-af2e-034df4a0e284","method":"GET","path":"/api/v1/video/status","ms":0}
{"time":"2026-09-05T06:17:33.943Z","event":"request","id":"5b4a88ae-3d80-4a8c-b74c-2784d8a31f98","method":"GET","path":"/api/v1/video/status","ms":0}
{"time":"2026-09-05T06:17:35.947Z","event":"request","id":"e487539d-707f-4e6d-9c76-18c3a3b29a55","method":"GET","path":"/api/v1/video/status","ms":0}
{"time":"2026-09-05T06:17:37.954Z","event":"request","id":"fd13eb01-266d-4c37-9344-d44684b47c34","method":"GET","path":"/api/v1/video/status","ms":0}
{"time":"2026-09-05T06:17:38.662Z","event":"edge_tts.retry","attempt":1,"message":"edge-tts 退出码 1：Traceback (most recent call last):\r\n  File \"C:\\Users\\ASUS\\AppData\\Local\\Programs\\Python\\Python313\\Lib\\site-packages\\aiohttp\\connector.py\", line 1316, in _wrap_create_connection\r\n    return await self."}
{"time":"2026-09-05T06:17:39.960Z","event":"request","id":"d0542c52-e956-4f33-9302-dff927478a1c","method":"GET","path":"/api/v1/video/status","ms":1}
{"time":"2026-09-05T06:17:40.104Z","event":"edge_tts.retry","attempt":2,"message":"edge-tts 退出码 1：Traceback (most recent call last):\r\n  File \"C:\\Users\\ASUS\\AppData\\Local\\Programs\\Python\\Python313\\Lib\\site-packages\\aiohttp\\connector.py\", line 1316, in _wrap_create_connection\r\n    return await self."}
{"time":"2026-09-05T06:17:41.965Z","event":"request","id":"6db65d3a-073a-4be9-92c9-0c39c9df43c7","method":"GET","path":"/api/v1/video/status","ms":1}
{"time":"2026-09-05T06:17:42.746Z","event":"edge_tts.retry","attempt":3,"message":"edge-tts 退出码 1：Traceback (most recent call last):\r\n  File \"C:\\Users\\ASUS\\AppData\\Local\\Programs\\Python\\Python313\\Lib\\site-packages\\aiohttp\\connector.py\", line 1316, in _wrap_create_connection\r\n    return await self."}
{"time":"2026-09-05T06:17:43.970Z","event":"request","id":"a3990b5d-280c-4d5f-b0fa-e63119fbfa87","method":"GET","path":"/api/v1/video/status","ms":0}
{"time":"2026-09-05T06:17:45.976Z","event":"request","id":"aa41a6a8-4c40-45b2-b343-6e2dcc2213d4","method":"GET","path":"/api/v1/video/status","ms":1}
{"time":"2026-09-05T06:17:46.609Z","event":"edge_tts.retry","attempt":4,"message":"edge-tts 退出码 1：Traceback (most recent call last):\r\n  File \"C:\\Users\\ASUS\\AppData\\Local\\Programs\\Python\\Python313\\Lib\\site-packages\\aiohttp\\connector.py\", line 1316, in _wrap_create_connection\r\n    return await self."}
{"time":"2026-09-05T06:17:47.981Z","event":"request","id":"2814fde8-f07c-41b5-aca7-d23e90a5d9dd","method":"GET","path":"/api/v1/video/status","ms":0}
{"time":"2026-09-05T06:17:49.987Z","event":"request","id":"2233c4b1-552e-49dd-8200-179e06f14891","method":"GET","path":"/api/v1/video/status","ms":0}
{"time":"2026-09-05T06:17:50.716Z","event":"edge_tts.failed","text":"这个动态模拟展示了层序遍历的过程，你可以看到节点是如何一层一层被访问的。"}
{"time":"2026-09-05T06:17:51.993Z","event":"request","id":"0aaacaf1-ae2e-449f-891a-303a2e7bf340","method":"GET","path":"/api/v1/video/status","ms":1}
{"time":"2026-09-05T06:17:53.998Z","event":"request","id":"c207e16c-07fe-4ed3-b7d7-d28008180dce","method":"GET","path":"/api/v1/video/status","ms":0}
{"time":"2026-09-05T06:17:54.627Z","event":"edge_tts.retry","attempt":1,"message":"edge-tts 退出码 1：Traceback (most recent call last):\r\n  File \"C:\\Users\\ASUS\\AppData\\Local\\Programs\\Python\\Python313\\Lib\\site-packages\\aiohttp\\connector.py\", line 1316, in _wrap_create_connection\r\n    return await self."}
{"time":"2026-09-05T06:17:56.003Z","event":"request","id":"6f5ba2cb-e33e-4f63-93ce-067c55f96b36","method":"GET","path":"/api/v1/video/status","ms":0}
{"time":"2026-09-05T06:17:58.009Z","event":"request","id":"dec89e71-f8b3-4254-b97c-4df885569e77","method":"GET","path":"/api/v1/video/status","ms":0}
{"time":"2026-09-05T06:18:00.015Z","event":"request","id":"525e0c15-cb06-4996-9c5c-340f61ae865f","method":"GET","path":"/api/v1/video/status","ms":1}
{"time":"2026-09-05T06:18:01.523Z","event":"edge_tts.retry","attempt":1,"message":"edge-tts 退出码 1：Traceback (most recent call last):\r\n  File \"C:\\Users\\ASUS\\AppData\\Local\\Programs\\Python\\Python313\\Lib\\site-packages\\aiohttp\\connector.py\", line 1316, in _wrap_create_connection\r\n    return await self."}
{"time":"2026-09-05T06:18:02.020Z","event":"request","id":"3d2fff28-defb-4c7e-8626-766b71b6f038","method":"GET","path":"/api/v1/video/status","ms":0}
{"time":"2026-09-05T06:18:04.025Z","event":"request","id":"43108019-4f2e-4a02-90fa-6638b8ee5ed6","method":"GET","path":"/api/v1/video/status","ms":0}
{"time":"2026-09-05T06:18:05.955Z","event":"edge_tts.retry","attempt":1,"message":"edge-tts 退出码 1：Traceback (most recent call last):\r\n  File \"C:\\Users\\ASUS\\AppData\\Local\\Programs\\Python\\Python313\\Lib\\site-packages\\aiohttp\\connector.py\", line 1316, in _wrap_create_connection\r\n    return await self."}
{"time":"2026-09-05T06:18:06.031Z","event":"request","id":"f798a41b-08fe-42d4-b048-f8b63efbc936","method":"GET","path":"/api/v1/video/status","ms":0}
{"time":"2026-09-05T06:18:07.397Z","event":"edge_tts.retry","attempt":2,"message":"edge-tts 退出码 1：Traceback (most recent call last):\r\n  File \"C:\\Users\\ASUS\\AppData\\Local\\Programs\\Python\\Python313\\Lib\\site-packages\\aiohttp\\connector.py\", line 1316, in _wrap_create_connection\r\n    return await self."}
{"time":"2026-09-05T06:18:08.037Z","event":"request","id":"1b0263d2-7f19-4dcd-ae67-543caaf6887e","method":"GET","path":"/api/v1/video/status","ms":1}
{"time":"2026-09-05T06:18:10.043Z","event":"request","id":"1806dc2d-a327-4fd9-a5df-73fcc074c9a5","method":"GET","path":"/api/v1/video/status","ms":1}
{"time":"2026-09-05T06:18:10.046Z","event":"edge_tts.retry","attempt":3,"message":"edge-tts 退出码 1：Traceback (most recent call last):\r\n  File \"C:\\Users\\ASUS\\AppData\\Local\\Programs\\Python\\Python313\\Lib\\site-packages\\aiohttp\\connector.py\", line 1316, in _wrap_create_connection\r\n    return await self."}
{"time":"2026-09-05T06:18:12.048Z","event":"request","id":"4edc1b1c-11d1-4dd4-89a7-f150a6ecf669","method":"GET","path":"/api/v1/video/status","ms":1}
{"time":"2026-09-05T06:18:13.885Z","event":"edge_tts.retry","attempt":4,"message":"edge-tts 退出码 1：Traceback (most recent call last):\r\n  File \"C:\\Users\\ASUS\\AppData\\Local\\Programs\\Python\\Python313\\Lib\\site-packages\\aiohttp\\connector.py\", line 1316, in _wrap_create_connection\r\n    return await self."}
{"time":"2026-09-05T06:18:14.053Z","event":"request","id":"cb81e800-2b61-499d-9806-99bc1345809e","method":"GET","path":"/api/v1/video/status","ms":0}
{"time":"2026-09-05T06:18:16.059Z","event":"request","id":"6abaf62c-03d0-4cb4-b4d0-7b750637642e","method":"GET","path":"/api/v1/video/status","ms":1}
{"time":"2026-09-05T06:18:17.993Z","event":"edge_tts.failed","text":"对于空间复杂度，如果使用递归方法实现前序、中序或后序遍历的话，它的空间复杂度为O"}
{"time":"2026-09-05T06:18:18.064Z","event":"request","id":"15145dda-e4f9-4b32-b70f-8890b9ac3455","method":"GET","path":"/api/v1/video/status","ms":0}
{"time":"2026-09-05T06:18:19.243Z","event":"edge_tts.retry","attempt":1,"message":"edge-tts 退出码 1：Traceback (most recent call last):\r\n  File \"C:\\Users\\ASUS\\AppData\\Local\\Programs\\Python\\Python313\\Lib\\site-packages\\aiohttp\\connector.py\", line 1316, in _wrap_create_connection\r\n    return await self."}
{"time":"2026-09-05T06:18:20.070Z","event":"request","id":"f2396782-7ede-46ca-a432-1cb49640f023","method":"GET","path":"/api/v1/video/status","ms":0}
{"time":"2026-09-05T06:18:22.075Z","event":"request","id":"f076745a-b43b-4230-b6fe-21770c8df044","method":"GET","path":"/api/v1/video/status","ms":0}
{"time":"2026-09-05T06:18:24.081Z","event":"request","id":"92998ce9-220a-42f5-aa2d-889bd283fc91","method":"GET","path":"/api/v1/video/status","ms":0}
{"time":"2026-09-05T06:18:26.086Z","event":"request","id":"7e7a4513-4a76-47c2-bdf2-6da4f20c5e5d","method":"GET","path":"/api/v1/video/status","ms":0}
{"time":"2026-09-05T06:18:28.092Z","event":"request","id":"4305b497-ea8a-43e2-998d-c7faebafa0ff","method":"GET","path":"/api/v1/video/status","ms":0}
{"time":"2026-09-05T06:18:30.098Z","event":"request","id":"6778f84a-a824-4b42-9219-a0c5e67a6ed2","method":"GET","path":"/api/v1/video/status","ms":1}
{"time":"2026-09-05T06:18:32.103Z","event":"request","id":"ec814f80-c28d-4a90-a496-b837eea76c5d","method":"GET","path":"/api/v1/video/status","ms":0}
{"time":"2026-09-05T06:18:34.108Z","event":"request","id":"bb14c757-b5fa-4148-a5b7-23944183c174","method":"GET","path":"/api/v1/video/status","ms":0}
{"time":"2026-09-05T06:18:34.220Z","event":"edge_tts.retry","attempt":1,"message":"edge-tts 退出码 1：Traceback (most recent call last):\r\n  File \"C:\\Users\\ASUS\\AppData\\Local\\Programs\\Python\\Python313\\Lib\\site-packages\\aiohttp\\connector.py\", line 1316, in _wrap_create_connection\r\n    return await self."}
{"time":"2026-09-05T06:18:35.687Z","event":"edge_tts.retry","attempt":2,"message":"edge-tts 退出码 1：Traceback (most recent call last):\r\n  File \"C:\\Users\\ASUS\\AppData\\Local\\Programs\\Python\\Python313\\Lib\\site-packages\\aiohttp\\connector.py\", line 1316, in _wrap_create_connection\r\n    return await self."}
{"time":"2026-09-05T06:18:36.114Z","event":"request","id":"bb328530-4ad9-49f1-a66e-795596d23096","method":"GET","path":"/api/v1/video/status","ms":0}
{"time":"2026-09-05T06:18:38.120Z","event":"request","id":"ec041354-5cbb-48cd-b8fc-080f5776825d","method":"GET","path":"/api/v1/video/status","ms":1}
{"time":"2026-09-05T06:18:40.126Z","event":"request","id":"718e2f82-8107-47c3-b7e1-bf0e926da2d8","method":"GET","path":"/api/v1/video/status","ms":1}
{"time":"2026-09-05T06:18:40.794Z","event":"edge_tts.retry","attempt":1,"message":"edge-tts 退出码 1：Traceback (most recent call last):\r\n  File \"C:\\Users\\ASUS\\AppData\\Local\\Programs\\Python\\Python313\\Lib\\site-packages\\aiohttp\\connector.py\", line 1316, in _wrap_create_connection\r\n    return await self."}
{"time":"2026-09-05T06:18:42.131Z","event":"request","id":"f2ea7bb1-e62a-4cb3-9305-db6ddd5e39f3","method":"GET","path":"/api/v1/video/status","ms":1}
{"time":"2026-09-05T06:18:44.136Z","event":"request","id":"5de5c2d1-c245-489a-8fee-6e27fa0dd4cb","method":"GET","path":"/api/v1/video/status","ms":0}
{"time":"2026-09-05T06:18:46.142Z","event":"request","id":"cdf39ae5-b5a0-4a2f-90cb-646def2ccebb","method":"GET","path":"/api/v1/video/status","ms":0}
{"time":"2026-09-05T06:18:48.146Z","event":"request","id":"dc2f11b4-ab74-4c60-9365-ddbd9be3a964","method":"GET","path":"/api/v1/video/status","ms":0}
{"time":"2026-09-05T06:18:50.153Z","event":"request","id":"a0c2ab14-29c5-42f8-b821-fc7cd73c09e6","method":"GET","path":"/api/v1/video/status","ms":0}
{"time":"2026-09-05T06:18:50.272Z","event":"edge_tts.retry","attempt":1,"message":"edge-tts 退出码 1：Traceback (most recent call last):\r\n  File \"C:\\Users\\ASUS\\AppData\\Local\\Programs\\Python\\Python313\\Lib\\site-packages\\aiohttp\\connector.py\", line 1316, in _wrap_create_connection\r\n    return await self."}
{"time":"2026-09-05T06:18:52.159Z","event":"request","id":"e73f4270-6b32-4486-964f-4df737f45c79","method":"GET","path":"/api/v1/video/status","ms":1}
{"time":"2026-09-05T06:18:54.164Z","event":"request","id":"a49d124e-7e2c-4b30-8c14-a6d16a7cc24e","method":"GET","path":"/api/v1/video/status","ms":0}
{"time":"2026-09-05T06:18:56.169Z","event":"request","id":"a88af3fc-33b3-4346-8adb-ff46eaa00909","method":"GET","path":"/api/v1/video/status","ms":0}
{"time":"2026-09-05T06:18:57.250Z","event":"edge_tts.retry","attempt":1,"message":"edge-tts 退出码 1：Traceback (most recent call last):\r\n  File \"C:\\Users\\ASUS\\AppData\\Local\\Programs\\Python\\Python313\\Lib\\site-packages\\aiohttp\\connector.py\", line 1316, in _wrap_create_connection\r\n    return await self."}
{"time":"2026-09-05T06:18:58.175Z","event":"request","id":"e3c3ae3f-b195-4287-83c9-236b9e8acde1","method":"GET","path":"/api/v1/video/status","ms":1}
{"time":"2026-09-05T06:19:00.181Z","event":"request","id":"1d1d56aa-b497-4e08-9d14-3cefadddf36d","method":"GET","path":"/api/v1/video/status","ms":1}
{"time":"2026-09-05T06:19:01.284Z","event":"edge_tts.retry","attempt":1,"message":"edge-tts 退出码 1：Traceback (most recent call last):\r\n  File \"C:\\Users\\ASUS\\AppData\\Local\\Programs\\Python\\Python313\\Lib\\site-packages\\aiohttp\\connector.py\", line 1316, in _wrap_create_connection\r\n    return await self."}
{"time":"2026-09-05T06:19:02.186Z","event":"request","id":"b2f72c76-17d0-424f-bd87-a41850b485c1","method":"GET","path":"/api/v1/video/status","ms":0}
{"time":"2026-09-05T06:19:04.192Z","event":"request","id":"ca96dd18-96d0-452f-aff7-108ff2b233fd","method":"GET","path":"/api/v1/video/status","ms":1}
{"time":"2026-09-05T06:19:06.197Z","event":"request","id":"200cbc24-f3e0-4702-9f2b-1e7fbd956100","method":"GET","path":"/api/v1/video/status","ms":1}
{"time":"2026-09-05T06:19:08.203Z","event":"request","id":"d14e18c4-603d-4ee1-8962-f9d07fb16ae1","method":"GET","path":"/api/v1/video/status","ms":1}
{"time":"2026-09-05T06:19:10.209Z","event":"request","id":"dc27d4fc-d4d1-434b-b806-aaf1b9d9cbc4","method":"GET","path":"/api/v1/video/status","ms":1}
{"time":"2026-09-05T06:19:12.214Z","event":"request","id":"b50612f4-2459-4e84-8a9a-ff504634fbc8","method":"GET","path":"/api/v1/video/status","ms":0}
{"time":"2026-09-05T06:19:13.414Z","event":"edge_tts.retry","attempt":1,"message":"edge-tts 退出码 1：Traceback (most recent call last):\r\n  File \"C:\\Users\\ASUS\\AppData\\Local\\Programs\\Python\\Python313\\Lib\\site-packages\\aiohttp\\connector.py\", line 1316, in _wrap_create_connection\r\n    return await self."}
{"time":"2026-09-05T06:19:14.219Z","event":"request","id":"17159f4a-59cc-40ff-9f0e-9b3fd55fb86a","method":"GET","path":"/api/v1/video/status","ms":1}
{"time":"2026-09-05T06:19:16.225Z","event":"request","id":"85b30454-649e-45ad-8fac-cbb46f611dc2","method":"GET","path":"/api/v1/video/status","ms":1}
{"time":"2026-09-05T06:19:18.230Z","event":"request","id":"685635c1-7023-471e-9465-9d9366cf2e49","method":"GET","path":"/api/v1/video/status","ms":0}
{"time":"2026-09-05T06:19:20.151Z","event":"edge_tts.retry","attempt":1,"message":"edge-tts 退出码 1：Traceback (most recent call last):\r\n  File \"C:\\Users\\ASUS\\AppData\\Local\\Programs\\Python\\Python313\\Lib\\site-packages\\aiohttp\\connector.py\", line 1316, in _wrap_create_connection\r\n    return await self."}
{"time":"2026-09-05T06:19:20.235Z","event":"request","id":"871ba933-cdf5-4f07-9bb2-267e0ea7ce33","method":"GET","path":"/api/v1/video/status","ms":0}
{"time":"2026-09-05T06:19:21.594Z","event":"edge_tts.retry","attempt":2,"message":"edge-tts 退出码 1：Traceback (most recent call last):\r\n  File \"C:\\Users\\ASUS\\AppData\\Local\\Programs\\Python\\Python313\\Lib\\site-packages\\aiohttp\\connector.py\", line 1316, in _wrap_create_connection\r\n    return await self."}
{"time":"2026-09-05T06:19:22.241Z","event":"request","id":"cddb01d4-8426-4cc8-aece-89f5bc70a3f9","method":"GET","path":"/api/v1/video/status","ms":1}
{"time":"2026-09-05T06:19:24.246Z","event":"request","id":"ebdfcd29-47a7-476e-9742-f662267c8102","method":"GET","path":"/api/v1/video/status","ms":0}
{"time":"2026-09-05T06:19:26.252Z","event":"request","id":"ae54ecb0-0877-4c8f-9918-80711b48dbe7","method":"GET","path":"/api/v1/video/status","ms":0}
{"time":"2026-09-05T06:19:27.071Z","event":"edge_tts.retry","attempt":1,"message":"edge-tts 退出码 1：Traceback (most recent call last):\r\n  File \"C:\\Users\\ASUS\\AppData\\Local\\Programs\\Python\\Python313\\Lib\\site-packages\\aiohttp\\connector.py\", line 1316, in _wrap_create_connection\r\n    return await self."}
{"time":"2026-09-05T06:19:28.258Z","event":"request","id":"1cf87953-1d3a-4bac-b2d2-261d4884939e","method":"GET","path":"/api/v1/video/status","ms":0}
{"time":"2026-09-05T06:19:30.263Z","event":"request","id":"b6f03dff-4978-413f-856a-6b97e9c15c1b","method":"GET","path":"/api/v1/video/status","ms":0}
{"time":"2026-09-05T06:19:31.540Z","event":"edge_tts.retry","attempt":1,"message":"edge-tts 退出码 1：Traceback (most recent call last):\r\n  File \"C:\\Users\\ASUS\\AppData\\Local\\Programs\\Python\\Python313\\Lib\\site-packages\\aiohttp\\connector.py\", line 1316, in _wrap_create_connection\r\n    return await self."}
{"time":"2026-09-05T06:19:32.269Z","event":"request","id":"d2f83a18-8d77-4839-96b9-e0ef57606d7f","method":"GET","path":"/api/v1/video/status","ms":1}
{"time":"2026-09-05T06:19:34.274Z","event":"request","id":"bac34942-5079-4c3b-b8bb-37eff629f153","method":"GET","path":"/api/v1/video/status","ms":0}
{"time":"2026-09-05T06:19:36.280Z","event":"request","id":"f3492c44-4382-4307-a9b8-3a1e30be1a27","method":"GET","path":"/api/v1/video/status","ms":0}
{"time":"2026-09-05T06:19:38.285Z","event":"request","id":"d88a5095-940b-4a34-a73c-d9cc04c424fe","method":"GET","path":"/api/v1/video/status","ms":0}
{"time":"2026-09-05T06:19:40.291Z","event":"request","id":"79327141-b8e0-491f-8968-01843f18b95c","method":"GET","path":"/api/v1/video/status","ms":0}
{"time":"2026-09-05T06:19:40.407Z","event":"edge_tts.retry","attempt":1,"message":"edge-tts 退出码 1：Traceback (most recent call last):\r\n  File \"C:\\Users\\ASUS\\AppData\\Local\\Programs\\Python\\Python313\\Lib\\site-packages\\aiohttp\\connector.py\", line 1316, in _wrap_create_connection\r\n    return await self."}
{"time":"2026-09-05T06:19:42.297Z","event":"request","id":"ef44c89c-2b04-40f6-a004-7614dc97e91e","method":"GET","path":"/api/v1/video/status","ms":0}
{"time":"2026-09-05T06:19:44.302Z","event":"request","id":"801faaa9-15b0-4816-a4bc-4ae5d167e348","method":"GET","path":"/api/v1/video/status","ms":1}
{"time":"2026-09-05T06:19:46.307Z","event":"request","id":"6e552846-f1e8-4d32-9272-7a1f498b00ef","method":"GET","path":"/api/v1/video/status","ms":0}
{"time":"2026-09-05T06:19:46.973Z","event":"edge_tts.retry","attempt":1,"message":"edge-tts 退出码 1：Traceback (most recent call last):\r\n  File \"C:\\Users\\ASUS\\AppData\\Local\\Programs\\Python\\Python313\\Lib\\site-packages\\aiohttp\\connector.py\", line 1316, in _wrap_create_connection\r\n    return await self."}
{"time":"2026-09-05T06:19:48.312Z","event":"request","id":"1fbacc02-119e-4035-a891-720aadb056db","method":"GET","path":"/api/v1/video/status","ms":0}
{"time":"2026-09-05T06:19:48.417Z","event":"edge_tts.retry","attempt":2,"message":"edge-tts 退出码 1：Traceback (most recent call last):\r\n  File \"C:\\Users\\ASUS\\AppData\\Local\\Programs\\Python\\Python313\\Lib\\site-packages\\aiohttp\\connector.py\", line 1316, in _wrap_create_connection\r\n    return await self."}
{"time":"2026-09-05T06:19:50.318Z","event":"request","id":"e3d357a3-1bbd-460e-b896-1c824d87b2c8","method":"GET","path":"/api/v1/video/status","ms":0}
{"time":"2026-09-05T06:19:51.043Z","event":"edge_tts.retry","attempt":3,"message":"edge-tts 退出码 1：Traceback (most recent call last):\r\n  File \"C:\\Users\\ASUS\\AppData\\Local\\Programs\\Python\\Python313\\Lib\\site-packages\\aiohttp\\connector.py\", line 1316, in _wrap_create_connection\r\n    return await self."}
{"time":"2026-09-05T06:19:52.324Z","event":"request","id":"0871b87d-56aa-4f1a-bc48-f639af30ceff","method":"GET","path":"/api/v1/video/status","ms":0}
{"time":"2026-09-05T06:19:54.329Z","event":"request","id":"f343d1ac-a537-4cda-a34c-7335ed461a8e","method":"GET","path":"/api/v1/video/status","ms":0}
{"time":"2026-09-05T06:19:56.336Z","event":"request","id":"b2b1d86a-1e99-40d7-93b3-4e53778776f5","method":"GET","path":"/api/v1/video/status","ms":1}
{"time":"2026-09-05T06:19:57.523Z","event":"edge_tts.retry","attempt":1,"message":"edge-tts 退出码 1：Traceback (most recent call last):\r\n  File \"C:\\Users\\ASUS\\AppData\\Local\\Programs\\Python\\Python313\\Lib\\site-packages\\aiohttp\\connector.py\", line 1316, in _wrap_create_connection\r\n    return await self."}
{"time":"2026-09-05T06:19:58.341Z","event":"request","id":"32931ad6-c362-4ae1-b61d-89f2500e7556","method":"GET","path":"/api/v1/video/status","ms":1}
{"time":"2026-09-05T06:20:00.346Z","event":"request","id":"7bd4c1b1-7687-44f8-afef-94e2b280acd4","method":"GET","path":"/api/v1/video/status","ms":0}
{"time":"2026-09-05T06:20:01.575Z","event":"edge_tts.retry","attempt":1,"message":"edge-tts 退出码 1：Traceback (most recent call last):\r\n  File \"C:\\Users\\ASUS\\AppData\\Local\\Programs\\Python\\Python313\\Lib\\site-packages\\aiohttp\\connector.py\", line 1316, in _wrap_create_connection\r\n    return await self."}
{"time":"2026-09-05T06:20:02.351Z","event":"request","id":"e512ef5c-c30e-4109-bbe0-d13447e0abce","method":"GET","path":"/api/v1/video/status","ms":0}
{"time":"2026-09-05T06:20:03.005Z","event":"edge_tts.retry","attempt":2,"message":"edge-tts 退出码 1：Traceback (most recent call last):\r\n  File \"C:\\Users\\ASUS\\AppData\\Local\\Programs\\Python\\Python313\\Lib\\site-packages\\aiohttp\\connector.py\", line 1316, in _wrap_create_connection\r\n    return await self."}
{"time":"2026-09-05T06:20:04.357Z","event":"request","id":"64f107bc-689c-4111-b492-b841258c112c","method":"GET","path":"/api/v1/video/status","ms":0}
{"time":"2026-09-05T06:20:06.363Z","event":"request","id":"e2d775b1-47ec-40b2-8fe3-712934b3ec7c","method":"GET","path":"/api/v1/video/status","ms":1}
{"time":"2026-09-05T06:20:08.274Z","event":"edge_tts.retry","attempt":1,"message":"edge-tts 退出码 1：Traceback (most recent call last):\r\n  File \"C:\\Users\\ASUS\\AppData\\Local\\Programs\\Python\\Python313\\Lib\\site-packages\\aiohttp\\connector.py\", line 1316, in _wrap_create_connection\r\n    return await self."}
{"time":"2026-09-05T06:20:08.369Z","event":"request","id":"44458803-e164-4cfa-93f9-c81da8426880","method":"GET","path":"/api/v1/video/status","ms":1}
{"time":"2026-09-05T06:20:09.710Z","event":"edge_tts.retry","attempt":2,"message":"edge-tts 退出码 1：Traceback (most recent call last):\r\n  File \"C:\\Users\\ASUS\\AppData\\Local\\Programs\\Python\\Python313\\Lib\\site-packages\\aiohttp\\connector.py\", line 1316, in _wrap_create_connection\r\n    return await self."}
{"time":"2026-09-05T06:20:10.374Z","event":"request","id":"398d5841-53e8-4385-92ef-80eed7971380","method":"GET","path":"/api/v1/video/status","ms":1}
{"time":"2026-09-05T06:20:12.380Z","event":"request","id":"8999e28d-b33a-4174-96c6-19b156358c05","method":"GET","path":"/api/v1/video/status","ms":0}
{"time":"2026-09-05T06:20:14.385Z","event":"request","id":"771e24de-a952-4299-8a94-5c1235e89b84","method":"GET","path":"/api/v1/video/status","ms":0}
{"time":"2026-09-05T06:20:14.880Z","event":"edge_tts.retry","attempt":1,"message":"edge-tts 退出码 1：Traceback (most recent call last):\r\n  File \"C:\\Users\\ASUS\\AppData\\Local\\Programs\\Python\\Python313\\Lib\\site-packages\\aiohttp\\connector.py\", line 1316, in _wrap_create_connection\r\n    return await self."}
{"time":"2026-09-05T06:20:16.391Z","event":"request","id":"201b26b7-c92b-4350-a4fa-dfc1049aad8a","method":"GET","path":"/api/v1/video/status","ms":1}
{"time":"2026-09-05T06:20:18.396Z","event":"request","id":"1210b2c7-17dc-4c5b-ade3-8e9b27b662b5","method":"GET","path":"/api/v1/video/status","ms":0}
{"time":"2026-09-05T06:20:20.407Z","event":"request","id":"8c127958-6b8d-499c-bc69-a87535f01d62","method":"GET","path":"/api/v1/video/status","ms":1}
{"time":"2026-09-05T06:20:22.413Z","event":"request","id":"2b41fb0f-5681-4c10-97c9-eb78a407aaa4","method":"GET","path":"/api/v1/video/status","ms":0}
{"time":"2026-09-05T06:20:22.562Z","event":"request","id":"28e61147-2354-4512-bed9-a54be4f07ff2","method":"GET","path":"/api/v1/video/slide-svg","ms":1}
{"time":"2026-09-05T06:20:22.566Z","event":"request","id":"f5e337cd-ee29-4401-98cf-069314f3a3b1","method":"GET","path":"/api/v1/video/slide-svg","ms":0}
{"time":"2026-09-05T06:20:22.567Z","event":"request","id":"7afdb7e4-42bc-4a49-9d2d-c0090d93ee35","method":"GET","path":"/api/v1/video/slide-svg","ms":0}
{"time":"2026-09-05T06:20:22.567Z","event":"request","id":"69091ed1-7a98-4401-a79d-a3a547c39827","method":"GET","path":"/api/v1/video/slide-svg","ms":0}
{"time":"2026-09-05T06:20:22.568Z","event":"request","id":"7969ba46-c026-48e4-a784-08716f9cbd91","method":"GET","path":"/api/v1/video/slide-svg","ms":1}
{"time":"2026-09-05T06:20:22.568Z","event":"request","id":"5026379e-2ee4-40a8-abf3-220454810dad","method":"GET","path":"/api/v1/video/slide-svg","ms":0}
{"time":"2026-09-05T06:20:22.569Z","event":"request","id":"bed3d149-f4d9-4cbf-969a-38ff8c93d593","method":"GET","path":"/api/v1/video/slide-svg","ms":0}
{"time":"2026-09-05T06:20:22.569Z","event":"request","id":"7ba05492-f9de-4f04-a154-ee89aadfef34","method":"GET","path":"/api/v1/video/slide-svg","ms":0}
{"time":"2026-09-05T06:20:22.570Z","event":"request","id":"3d101c36-ae2f-471b-96f3-f7fca96bee73","method":"GET","path":"/api/v1/video/slide-svg","ms":1}
{"time":"2026-09-05T06:20:22.570Z","event":"request","id":"c1e5ec25-a103-486e-8b96-2f579f62f92e","method":"GET","path":"/api/v1/video/slide-svg","ms":0}
{"time":"2026-09-05T06:20:22.573Z","event":"request","id":"dfbab085-32fb-42b4-9a2d-9ff19e09c646","method":"GET","path":"/storage/audio/cw-099c2384-p0-s0.mp3","ms":2}
{"time":"2026-09-05T06:20:22.573Z","event":"request","id":"e6e6b60d-4017-41e2-bbe6-035dcf5bb3ac","method":"GET","path":"/storage/audio/cw-099c2384-p0-s1.mp3","ms":1}
{"time":"2026-09-05T06:20:22.573Z","event":"request","id":"cfa53a4e-7ea5-4918-ab8c-0bc337b600ca","method":"GET","path":"/storage/audio/cw-099c2384-p0-s3.mp3","ms":0}
{"time":"2026-09-05T06:20:22.574Z","event":"request","id":"b694b693-a3c4-4f95-a39e-58e740665189","method":"GET","path":"/storage/audio/cw-099c2384-p0-s4.mp3","ms":1}
{"time":"2026-09-05T06:20:22.574Z","event":"request","id":"d00c73a3-0116-4b93-aa8f-2fe807b145ae","method":"GET","path":"/storage/audio/cw-099c2384-p0-s5.mp3","ms":1}
{"time":"2026-09-05T06:20:22.575Z","event":"request","id":"011ef72a-da3f-42bd-a833-d332c2eec756","method":"GET","path":"/storage/audio/cw-099c2384-p0-s6.mp3","ms":1}
{"time":"2026-09-05T06:20:22.577Z","event":"request","id":"94a18288-0201-43fc-81c7-381e2a87c45e","method":"GET","path":"/storage/audio/cw-099c2384-p0-s7.mp3","ms":0}
{"time":"2026-09-05T06:20:22.578Z","event":"request","id":"5cafd5e3-10f6-42b0-82d0-94fb0a90a1dd","method":"GET","path":"/storage/audio/cw-099c2384-p1-s0.mp3","ms":1}
{"time":"2026-09-05T06:20:22.578Z","event":"request","id":"c9cfdbff-b3e0-4e3e-8c08-db25b4ff79d6","method":"GET","path":"/storage/audio/cw-099c2384-p1-s1.mp3","ms":1}
{"time":"2026-09-05T06:20:22.579Z","event":"request","id":"d526cdc3-f06d-4466-b065-fe7b8523b049","method":"GET","path":"/storage/audio/cw-099c2384-p1-s2.mp3","ms":1}
{"time":"2026-09-05T06:20:22.579Z","event":"request","id":"89b7268b-ccbc-4042-8a10-6b38eb525ec8","method":"GET","path":"/storage/audio/cw-099c2384-p1-s3.mp3","ms":1}
{"time":"2026-09-05T06:20:22.579Z","event":"request","id":"e5f390c9-ddc2-4197-a9a0-8852fb633fc8","method":"GET","path":"/storage/audio/cw-099c2384-p1-s4.mp3","ms":1}
{"time":"2026-09-05T06:20:22.582Z","event":"request","id":"03c36025-b4d4-4a96-af6c-b1a2689996ca","method":"GET","path":"/storage/audio/cw-099c2384-p1-s5.mp3","ms":0}
{"time":"2026-09-05T06:20:22.583Z","event":"request","id":"ca6ef45a-7a5a-4f2f-962d-8a9a0570cadf","method":"GET","path":"/storage/audio/cw-099c2384-p1-s6.mp3","ms":1}
{"time":"2026-09-05T06:20:22.583Z","event":"request","id":"f40d922f-1d51-467e-bce8-d2adcec27025","method":"GET","path":"/storage/audio/cw-099c2384-p2-s0.mp3","ms":1}
{"time":"2026-09-05T06:20:22.583Z","event":"request","id":"0a074fa8-f052-4e0f-bb9f-39408d47cd15","method":"GET","path":"/storage/audio/cw-099c2384-p2-s2.mp3","ms":1}
{"time":"2026-09-05T06:20:22.584Z","event":"request","id":"213f4e30-c10f-4915-be3c-6ef3d97cab85","method":"GET","path":"/storage/audio/cw-099c2384-p2-s3.mp3","ms":1}
{"time":"2026-09-05T06:20:22.585Z","event":"request","id":"0dd1e7f7-fa2f-4017-b9a9-8512efb5eb4c","method":"GET","path":"/storage/audio/cw-099c2384-p2-s4.mp3","ms":1}
{"time":"2026-09-05T06:20:22.588Z","event":"request","id":"62af5380-0365-4820-bd60-e0d273c6e937","method":"GET","path":"/storage/audio/cw-099c2384-p2-s5.mp3","ms":1}
{"time":"2026-09-05T06:20:22.588Z","event":"request","id":"daa8ff4e-5df2-4454-94e5-7f94be427466","method":"GET","path":"/storage/audio/cw-099c2384-p3-s0.mp3","ms":1}
{"time":"2026-09-05T06:20:22.588Z","event":"request","id":"ed95a48f-8048-46c3-bdcc-d7737f03507c","method":"GET","path":"/storage/audio/cw-099c2384-p3-s1.mp3","ms":1}
{"time":"2026-09-05T06:20:22.589Z","event":"request","id":"ba11f806-6962-4776-9ffb-9fe0ab1d8634","method":"GET","path":"/storage/audio/cw-099c2384-p3-s2.mp3","ms":1}
{"time":"2026-09-05T06:20:22.589Z","event":"request","id":"021ab078-c80c-43ee-ab4b-a5b3dbc831c1","method":"GET","path":"/storage/audio/cw-099c2384-p3-s3.mp3","ms":1}
{"time":"2026-09-05T06:20:22.589Z","event":"request","id":"08b9f717-e8b3-4131-b3ae-a154b3b5e0f7","method":"GET","path":"/storage/audio/cw-099c2384-p3-s4.mp3","ms":0}
{"time":"2026-09-05T06:20:22.594Z","event":"request","id":"17b2aa12-e581-4ae6-9c2e-0b7a51e69293","method":"GET","path":"/storage/audio/cw-099c2384-p3-s6.mp3","ms":1}
{"time":"2026-09-05T06:20:22.594Z","event":"request","id":"a50da62b-b85a-4f52-bf18-361925585faf","method":"GET","path":"/storage/audio/cw-099c2384-p3-s5.mp3","ms":1}
{"time":"2026-09-05T06:20:22.594Z","event":"request","id":"d789975a-2205-45d3-bcf8-4b3b030f0ead","method":"GET","path":"/storage/audio/cw-099c2384-p4-s0.mp3","ms":1}
{"time":"2026-09-05T06:20:22.595Z","event":"request","id":"e29fb041-6c3a-40fe-86d1-893fec5e3cea","method":"GET","path":"/storage/audio/cw-099c2384-p4-s1.mp3","ms":2}
{"time":"2026-09-05T06:20:22.595Z","event":"request","id":"d11f9c45-deb8-4314-a1cb-9a1d292d05af","method":"GET","path":"/storage/audio/cw-099c2384-p4-s2.mp3","ms":2}
{"time":"2026-09-05T06:20:22.595Z","event":"request","id":"4d30e1db-1215-4022-9b50-ec773ede1b29","method":"GET","path":"/storage/audio/cw-099c2384-p4-s3.mp3","ms":1}
{"time":"2026-09-05T06:20:22.599Z","event":"request","id":"169c94b5-dcda-4577-bf14-8be7886d7a85","method":"GET","path":"/storage/audio/cw-099c2384-p4-s5.mp3","ms":1}
{"time":"2026-09-05T06:20:22.599Z","event":"request","id":"b1ab8a55-c408-4b8d-83dd-8a45d57da576","method":"GET","path":"/storage/audio/cw-099c2384-p4-s6.mp3","ms":1}
{"time":"2026-09-05T06:20:22.599Z","event":"request","id":"2f15c3c1-12a5-49fc-a3bc-5f45e0403558","method":"GET","path":"/storage/audio/cw-099c2384-p5-s0.mp3","ms":1}
{"time":"2026-09-05T06:20:22.600Z","event":"request","id":"c0bb3acf-bb87-4671-8b64-1e80c6190543","method":"GET","path":"/storage/audio/cw-099c2384-p5-s1.mp3","ms":2}
{"time":"2026-09-05T06:20:22.600Z","event":"request","id":"249306ad-9ccd-4468-b656-f1ae85d4a075","method":"GET","path":"/storage/audio/cw-099c2384-p5-s3.mp3","ms":1}
{"time":"2026-09-05T06:20:22.600Z","event":"request","id":"300cf573-0de1-4704-9f58-fedc88d4c1e3","method":"GET","path":"/storage/audio/cw-099c2384-p5-s4.mp3","ms":1}
{"time":"2026-09-05T06:20:22.604Z","event":"request","id":"9ed70036-abcb-4228-b980-22af97bdbe96","method":"GET","path":"/storage/audio/cw-099c2384-p6-s1.mp3","ms":0}
{"time":"2026-09-05T06:20:22.605Z","event":"request","id":"55c2c21f-6442-4c78-a524-12c22bbc0172","method":"GET","path":"/storage/audio/cw-099c2384-p6-s0.mp3","ms":1}
{"time":"2026-09-05T06:20:22.605Z","event":"request","id":"024f8cb7-59e6-4e23-8523-8646c182cae1","method":"GET","path":"/storage/audio/cw-099c2384-p5-s5.mp3","ms":2}
{"time":"2026-09-05T06:20:22.605Z","event":"request","id":"7ee8b298-671a-4613-9903-55a4b8b76ffe","method":"GET","path":"/storage/audio/cw-099c2384-p5-s6.mp3","ms":2}
{"time":"2026-09-05T06:20:22.605Z","event":"request","id":"6f7b99cd-27f3-41d2-a7de-5bf25987725a","method":"GET","path":"/storage/audio/cw-099c2384-p6-s2.mp3","ms":1}
{"time":"2026-09-05T06:20:22.606Z","event":"request","id":"0f67e033-14d4-4c62-a996-468e47bdf38a","method":"GET","path":"/storage/audio/cw-099c2384-p6-s3.mp3","ms":2}
{"time":"2026-09-05T06:20:22.608Z","event":"request","id":"889e8266-02c9-4572-bfc7-c0c3efd37614","method":"GET","path":"/storage/audio/cw-099c2384-p6-s4.mp3","ms":1}
{"time":"2026-09-05T06:20:22.609Z","event":"request","id":"dafb1bce-c895-4124-931a-cfe44f76cc20","method":"GET","path":"/storage/audio/cw-099c2384-p6-s5.mp3","ms":1}
{"time":"2026-09-05T06:20:22.609Z","event":"request","id":"b9f1819d-b9bc-42e7-97a4-9489dafaa48a","method":"GET","path":"/storage/audio/cw-099c2384-p6-s6.mp3","ms":0}
{"time":"2026-09-05T06:20:22.609Z","event":"request","id":"6fdf544c-88a2-4320-841d-eb5c33029fcb","method":"GET","path":"/storage/audio/cw-099c2384-p7-s0.mp3","ms":0}
{"time":"2026-09-05T06:20:22.610Z","event":"request","id":"88b25a8a-bf17-44df-9f5a-dafbe9a31671","method":"GET","path":"/storage/audio/cw-099c2384-p7-s1.mp3","ms":1}
{"time":"2026-09-05T06:20:22.610Z","event":"request","id":"032f9ca5-c76d-4a47-b78e-6fa838342141","method":"GET","path":"/storage/audio/cw-099c2384-p7-s2.mp3","ms":1}
{"time":"2026-09-05T06:20:22.614Z","event":"request","id":"5c8cd4b7-040b-43a6-9b74-ce15878d0ca1","method":"GET","path":"/storage/audio/cw-099c2384-p7-s3.mp3","ms":2}
{"time":"2026-09-05T06:20:22.614Z","event":"request","id":"6cf3085f-36ab-44b7-94e4-e923d112fdb1","method":"GET","path":"/storage/audio/cw-099c2384-p7-s4.mp3","ms":1}
{"time":"2026-09-05T06:20:22.614Z","event":"request","id":"c5373672-cdac-4e67-9fa0-6fd00f731585","method":"GET","path":"/storage/audio/cw-099c2384-p8-s0.mp3","ms":1}
{"time":"2026-09-05T06:20:22.615Z","event":"request","id":"c5b134f5-7010-4a8c-a11b-16b20b927d71","method":"GET","path":"/storage/audio/cw-099c2384-p8-s1.mp3","ms":1}
{"time":"2026-09-05T06:20:22.615Z","event":"request","id":"2ca60fb5-e429-4f0e-b48f-b79d22b3a0d6","method":"GET","path":"/storage/audio/cw-099c2384-p8-s2.mp3","ms":1}
{"time":"2026-09-05T06:20:22.615Z","event":"request","id":"a26cfebc-dc92-4294-84c1-9b63e4592dde","method":"GET","path":"/storage/audio/cw-099c2384-p8-s3.mp3","ms":1}
{"time":"2026-09-05T06:20:22.620Z","event":"request","id":"f7071484-b600-4d76-b1cf-6bd325ba2eed","method":"GET","path":"/storage/audio/cw-099c2384-p8-s4.mp3","ms":1}
{"time":"2026-09-05T06:20:22.620Z","event":"request","id":"36470df4-5ffc-4a7c-9888-7cc9e12da9c7","method":"GET","path":"/storage/audio/cw-099c2384-p8-s5.mp3","ms":1}
{"time":"2026-09-05T06:20:22.621Z","event":"request","id":"5547a61a-d5ad-4943-a60d-30bf741d6027","method":"GET","path":"/storage/audio/cw-099c2384-p8-s6.mp3","ms":2}
{"time":"2026-09-05T06:20:22.621Z","event":"request","id":"e1e901b3-be80-4251-bb89-5a2ec5a0ce8b","method":"GET","path":"/storage/audio/cw-099c2384-p9-s0.mp3","ms":2}
{"time":"2026-09-05T06:20:22.621Z","event":"request","id":"10a18317-6d30-4d06-a02f-915792a6a1c8","method":"GET","path":"/storage/audio/cw-099c2384-p9-s1.mp3","ms":1}
{"time":"2026-09-05T06:20:22.621Z","event":"request","id":"41847ba8-e746-434d-bf16-5ce8e13de34f","method":"GET","path":"/storage/audio/cw-099c2384-p9-s2.mp3","ms":1}
{"time":"2026-09-05T06:20:22.630Z","event":"request","id":"7494c4cf-ee7b-476a-83e9-652426fae1cb","method":"GET","path":"/storage/audio/cw-099c2384-p9-s3.mp3","ms":1}
{"time":"2026-09-05T06:20:22.630Z","event":"request","id":"71e287d5-5e94-4d87-b2cc-829123af5f70","method":"GET","path":"/storage/audio/cw-099c2384-p9-s5.mp3","ms":1}
{"time":"2026-09-05T06:20:22.631Z","event":"request","id":"15cb7669-be5f-46d9-a30b-d425cd6f863c","method":"GET","path":"/storage/audio/cw-099c2384-p9-s4.mp3","ms":2}
{"time":"2026-09-05T06:20:22.631Z","event":"request","id":"6351c3fc-87e7-4d24-8f8e-1c712d9d8048","method":"GET","path":"/storage/audio/cw-099c2384-p9-s7.mp3","ms":1}
{"time":"2026-09-05T06:20:22.631Z","event":"request","id":"c83e8f83-1e19-48ca-b2eb-bcfbca704a64","method":"GET","path":"/storage/audio/cw-099c2384-p9-s6.mp3","ms":2}
{"time":"2026-09-05T06:20:22.631Z","event":"request","id":"76a11147-f4cc-4871-95f5-50fdafbb3fb0","method":"GET","path":"/storage/audio/cw-099c2384-p0-s1.mp3","ms":1}
{"time":"2026-09-05T06:20:22.638Z","event":"request","id":"2105413b-ae21-4112-aeb7-4a1b73b1e512","method":"GET","path":"/storage/audio/cw-099c2384-p1-s0.mp3","ms":2}
{"time":"2026-09-05T06:20:22.638Z","event":"request","id":"dce02b63-42fd-4d65-97b4-97b32e8be140","method":"GET","path":"/storage/audio/cw-099c2384-p0-s0.mp3","ms":2}
{"time":"2026-09-05T06:20:22.692Z","event":"request.error","id":"b3c4a838-4263-4e03-a85a-847401aefea2","method":"GET","status":404,"code":"NOT_FOUND"}
{"time":"2026-09-05T06:20:26.031Z","event":"request","id":"18699e95-0820-4860-9c3b-22c7b71c9e87","method":"GET","path":"/api/v1/notes","ms":0}
{"time":"2026-09-05T06:20:46.695Z","event":"request","id":"4ae20249-3078-43d7-b8c7-64be17018d49","method":"POST","path":"/api/v1/notes","ms":20}
{"time":"2026-09-05T06:20:52.332Z","event":"request","id":"dc66b4da-6a4e-4eec-b675-7a6cfc5bce58","method":"DELETE","path":"/api/v1/notes","ms":15}
{"time":"2026-09-05T06:21:01.867Z","event":"request","id":"266c2ae1-6f26-44e0-b9fc-27f813f5c003","method":"GET","path":"/storage/audio/cw-099c2384-p1-s1.mp3","ms":2}
{"time":"2026-09-05T06:21:01.867Z","event":"request","id":"06f5ec88-366a-4b1b-935f-22b0b288e77f","method":"GET","path":"/storage/audio/cw-099c2384-p2-s0.mp3","ms":1}
{"time":"2026-09-05T06:21:07.404Z","event":"request","id":"f5b4a024-7016-49a9-b587-e72908e7af74","method":"GET","path":"/storage/audio/cw-099c2384-p1-s2.mp3","ms":1}
{"time":"2026-09-05T06:21:13.244Z","event":"request","id":"dfa9408f-d660-4a29-8ba7-d40350c29820","method":"POST","path":"/api/v1/notes/ai","ms":17916}
{"time":"2026-09-05T06:21:14.384Z","event":"request","id":"d1bd59a0-3ee9-47f7-ae27-3630f5ef1ea1","method":"GET","path":"/storage/audio/cw-099c2384-p1-s3.mp3","ms":1}
{"time":"2026-09-05T06:21:18.423Z","event":"request","id":"a55ab940-87fb-4234-8963-712a2e47c278","method":"GET","path":"/storage/audio/cw-099c2384-p1-s4.mp3","ms":1}
{"time":"2026-09-05T06:21:23.344Z","event":"request","id":"b172b14f-67d3-41d3-ba61-53df5f1e0e98","method":"GET","path":"/storage/audio/cw-099c2384-p1-s5.mp3","ms":2}
{"time":"2026-09-05T06:21:23.344Z","event":"request","id":"ca8683eb-5ff6-4482-8496-3c61fae6a3cd","method":"GET","path":"/storage/audio/cw-099c2384-p2-s0.mp3","ms":1}
{"time":"2026-09-05T06:21:23.344Z","event":"request","id":"669e44f4-3bf6-4a46-9a77-9882d4a6e6cb","method":"GET","path":"/storage/audio/cw-099c2384-p1-s4.mp3","ms":1}
{"time":"2026-09-05T06:21:29.585Z","event":"request","id":"7d1d5ed9-c6b7-41d2-919f-1073e83ae917","method":"GET","path":"/storage/audio/cw-099c2384-p1-s6.mp3","ms":1}
{"time":"2026-09-05T06:21:38.209Z","event":"request","id":"61fdf124-8c38-4f2a-a321-85f07000fe02","method":"GET","path":"/storage/audio/cw-099c2384-p3-s0.mp3","ms":1}
{"time":"2026-09-05T06:21:44.412Z","event":"request","id":"c5d435ff-4ab5-4f65-bc18-7b7088c9a4ea","method":"GET","path":"/storage/audio/cw-099c2384-p2-s2.mp3","ms":2}
{"time":"2026-09-05T06:21:45.099Z","event":"request","id":"616d32df-6455-4439-afaf-45f2ddefd9f0","method":"GET","path":"/storage/audio/cw-099c2384-p1-s1.mp3","ms":1}
{"time":"2026-09-05T06:21:45.099Z","event":"request","id":"7c305f70-1e04-4429-a14a-9de91acf9ef6","method":"GET","path":"/storage/audio/cw-099c2384-p1-s0.mp3","ms":1}
{"time":"2026-09-05T06:21:49.953Z","event":"request","id":"60b61c8f-b323-442e-be50-2ad077cd4dd9","method":"GET","path":"/storage/audio/cw-099c2384-p4-s0.mp3","ms":1}
{"time":"2026-09-05T06:21:49.953Z","event":"request","id":"1336f5e0-14cc-4d8c-b763-f536e5116e1d","method":"GET","path":"/storage/audio/cw-099c2384-p3-s1.mp3","ms":1}
{"time":"2026-09-05T06:21:55.715Z","event":"request","id":"38307869-3e4c-4767-bc53-57cbd96a660a","method":"GET","path":"/storage/audio/cw-099c2384-p3-s2.mp3","ms":1}
{"time":"2026-09-05T06:21:55.716Z","event":"request","id":"dc1f46f9-ed26-45dd-add4-fbd1d2fa3d7b","method":"GET","path":"/storage/audio/cw-099c2384-p4-s0.mp3","ms":2}
{"time":"2026-09-05T06:21:55.716Z","event":"request","id":"cea66d29-2344-4f0a-8c26-35c29d1f7fb8","method":"GET","path":"/storage/audio/cw-099c2384-p3-s1.mp3","ms":2}
{"time":"2026-09-05T06:21:57.347Z","event":"request","id":"b6257e78-fd66-4aef-a0e8-9cf6084ea39c","method":"GET","path":"/storage/audio/cw-099c2384-p5-s0.mp3","ms":1}
{"time":"2026-09-05T06:21:57.348Z","event":"request","id":"15411fdd-2781-48f3-b7eb-adf6a5e89504","method":"GET","path":"/storage/audio/cw-099c2384-p6-s0.mp3","ms":2}
{"time":"2026-09-05T06:21:57.348Z","event":"request","id":"8c160490-e05d-47b5-8d78-797d562edc1d","method":"GET","path":"/storage/audio/cw-099c2384-p5-s1.mp3","ms":2}
{"time":"2026-09-05T06:21:58.294Z","event":"request","id":"927f534c-ac67-459a-ae3a-e232637d02b9","method":"GET","path":"/storage/audio/cw-099c2384-p6-s1.mp3","ms":2}
{"time":"2026-09-05T06:21:58.294Z","event":"request","id":"bac9a1a7-d8b6-40f5-bf02-f50dddf4a670","method":"GET","path":"/storage/audio/cw-099c2384-p7-s0.mp3","ms":1}
{"time":"2026-09-05T06:21:59.787Z","event":"request","id":"95fbd8b5-5dcb-4443-9998-dd23686a208d","method":"GET","path":"/storage/audio/cw-099c2384-p8-s0.mp3","ms":1}
{"time":"2026-09-05T06:21:59.787Z","event":"request","id":"0bf0b71e-bcc5-4700-a5e3-5c8f129fe134","method":"GET","path":"/storage/audio/cw-099c2384-p7-s1.mp3","ms":1}
{"time":"2026-09-05T06:22:00.325Z","event":"request","id":"5bd154a4-53fa-4f77-aa89-f493194f912f","method":"GET","path":"/storage/audio/cw-099c2384-p8-s1.mp3","ms":1}
{"time":"2026-09-05T06:22:00.326Z","event":"request","id":"3a718230-99d4-4651-ae3b-d472e10b03fc","method":"GET","path":"/storage/audio/cw-099c2384-p9-s0.mp3","ms":2}
{"time":"2026-09-05T06:22:04.806Z","event":"request","id":"af556bc3-d6c3-461c-85fa-6b05222ed35d","method":"GET","path":"/storage/audio/cw-099c2384-p8-s2.mp3","ms":0}
{"time":"2026-09-05T06:22:09.721Z","event":"request","id":"5ac81371-404b-4fde-9dad-9e7dac5ba2f2","method":"GET","path":"/storage/audio/cw-099c2384-p1-s0.mp3","ms":1}
{"time":"2026-09-05T06:22:09.721Z","event":"request","id":"5a543590-a31a-4f2e-a534-ef0e552392d9","method":"GET","path":"/storage/audio/cw-099c2384-p0-s0.mp3","ms":1}
{"time":"2026-09-05T06:22:09.721Z","event":"request","id":"a6a45a01-c8c9-4213-9e48-9a07bf4be91e","method":"GET","path":"/storage/audio/cw-099c2384-p0-s1.mp3","ms":1}
{"time":"2026-09-05T06:22:12.009Z","event":"request","id":"97b19c69-881f-4bf8-a5c0-0bf424d8e7d1","method":"GET","path":"/storage/audio/cw-099c2384-p1-s1.mp3","ms":1}
{"time":"2026-09-05T06:22:12.010Z","event":"request","id":"6be2092b-baf6-4a82-af53-92fe610f6c89","method":"GET","path":"/storage/audio/cw-099c2384-p2-s0.mp3","ms":1}
{"time":"2026-09-05T06:22:12.715Z","event":"request","id":"ec094ee9-124a-423a-b95a-5873d6ba85b7","method":"GET","path":"/storage/audio/cw-099c2384-p1-s2.mp3","ms":1}
{"time":"2026-09-05T06:22:18.585Z","event":"request","id":"b2574e3f-1694-4ecb-8198-4105c777746b","method":"GET","path":"/storage/audio/cw-099c2384-p5-s1.mp3","ms":1}
{"time":"2026-09-05T06:22:18.586Z","event":"request","id":"2595725b-18c3-47fd-a2e9-48473120d493","method":"GET","path":"/storage/audio/cw-099c2384-p6-s0.mp3","ms":1}
{"time":"2026-09-05T06:22:18.586Z","event":"request","id":"d422efc5-2f1a-47ad-be27-9ae9a86d1112","method":"GET","path":"/storage/audio/cw-099c2384-p5-s0.mp3","ms":1}
{"time":"2026-09-05T06:22:31.745Z","event":"request","id":"2a9f8f0d-8563-42d1-9c54-83f6fb9fa348","method":"GET","path":"/storage/audio/cw-099c2384-p6-s0.mp3","ms":1}
{"time":"2026-09-05T06:22:31.745Z","event":"request","id":"b8f81acb-fa4f-4cc6-8ee5-bcab20ee05c4","method":"GET","path":"/storage/audio/cw-099c2384-p5-s3.mp3","ms":0}
{"time":"2026-09-05T06:23:01.981Z","event":"request","id":"1af2702e-5f72-446d-b264-523b6de7da28","method":"GET","path":"/storage/audio/cw-099c2384-p1-s0.mp3","ms":1}
{"time":"2026-09-05T06:23:01.982Z","event":"request","id":"8940369b-f987-4536-8aa4-88445e03f068","method":"GET","path":"/storage/audio/cw-099c2384-p0-s1.mp3","ms":3}
{"time":"2026-09-05T06:23:01.982Z","event":"request","id":"70f38890-f8d5-4e16-b9a5-5783d28c12a8","method":"GET","path":"/storage/audio/cw-099c2384-p0-s0.mp3","ms":2}
{"time":"2026-09-05T06:23:12.156Z","event":"request","id":"e5730dbd-c054-484f-896e-710c5ba37aaf","method":"GET","path":"/storage/audio/cw-099c2384-p0-s3.mp3","ms":1}
{"time":"2026-09-05T06:23:17.195Z","event":"request","id":"1ab8f87d-9509-4523-91e2-fa0f219a617c","method":"GET","path":"/storage/audio/cw-099c2384-p0-s4.mp3","ms":0}
{"time":"2026-09-05T06:23:20.523Z","event":"request","id":"857b8fde-4e0f-429e-a8bd-4cd772210778","method":"GET","path":"/storage/audio/cw-099c2384-p0-s5.mp3","ms":1}
{"time":"2026-09-05T06:23:22.623Z","event":"request","id":"bfe22eb8-c74b-468f-98f3-695e66807162","method":"GET","path":"/storage/audio/cw-099c2384-p1-s1.mp3","ms":1}
{"time":"2026-09-05T06:23:22.623Z","event":"request","id":"2e139d28-b45f-4797-ab39-d509f4a00650","method":"GET","path":"/storage/audio/cw-099c2384-p2-s0.mp3","ms":1}
{"time":"2026-09-05T06:23:24.671Z","event":"request","id":"4f22a2bd-cec1-4b63-b9d0-9aed03b047e4","method":"GET","path":"/storage/audio/cw-099c2384-p3-s0.mp3","ms":1}
{"time":"2026-09-05T06:23:25.535Z","event":"request","id":"769c0a87-9144-479a-8d24-6bba678191b8","method":"GET","path":"/storage/audio/cw-099c2384-p3-s1.mp3","ms":1}
{"time":"2026-09-05T06:23:25.535Z","event":"request","id":"4f6f9616-6e3f-4660-9388-8dcead7e9547","method":"GET","path":"/storage/audio/cw-099c2384-p4-s0.mp3","ms":1}
{"time":"2026-09-05T06:23:26.536Z","event":"request","id":"0dcb131c-fca8-4e0e-9f4e-c702baf79a71","method":"GET","path":"/storage/audio/cw-099c2384-p5-s0.mp3","ms":1}
{"time":"2026-09-05T06:23:26.536Z","event":"request","id":"5809ca35-ebb6-4ec6-b87a-ea248e0f9836","method":"GET","path":"/storage/audio/cw-099c2384-p4-s1.mp3","ms":2}
{"time":"2026-09-05T06:23:27.521Z","event":"request","id":"7a94e972-6b27-4888-b34f-8fd592455355","method":"GET","path":"/storage/audio/cw-099c2384-p5-s1.mp3","ms":1}
{"time":"2026-09-05T06:23:27.521Z","event":"request","id":"0f3d3db5-1507-4c0c-bd75-0c823801ae8a","method":"GET","path":"/storage/audio/cw-099c2384-p6-s0.mp3","ms":1}
{"time":"2026-09-05T06:23:28.321Z","event":"request","id":"0e58d915-380f-4bc5-8b5c-ee0c26b9a21b","method":"GET","path":"/storage/audio/cw-099c2384-p6-s1.mp3","ms":1}
{"time":"2026-09-05T06:23:28.321Z","event":"request","id":"f2672552-49cb-462e-9deb-2ba96e5695be","method":"GET","path":"/storage/audio/cw-099c2384-p7-s0.mp3","ms":0}
{"time":"2026-09-05T06:23:30.098Z","event":"request","id":"d9d70a96-4998-42af-8be9-417d4d5ee5b1","method":"GET","path":"/storage/audio/cw-099c2384-p8-s0.mp3","ms":1}
{"time":"2026-09-05T06:23:30.098Z","event":"request","id":"dde1d7a5-3297-47ad-8cc9-020a85f9d120","method":"GET","path":"/storage/audio/cw-099c2384-p7-s1.mp3","ms":1}
{"time":"2026-09-05T06:23:30.585Z","event":"request","id":"184410ff-6309-40ba-a142-83ff0bc2d920","method":"GET","path":"/storage/audio/cw-099c2384-p8-s1.mp3","ms":1}
{"time":"2026-09-05T06:23:30.585Z","event":"request","id":"115be87f-d7c2-4b3a-a914-5baf0970d905","method":"GET","path":"/storage/audio/cw-099c2384-p9-s0.mp3","ms":1}
{"time":"2026-09-05T06:23:31.085Z","event":"request","id":"06bcb243-0796-4078-808c-cb2a9adcdb06","method":"GET","path":"/storage/audio/cw-099c2384-p9-s1.mp3","ms":1}
{"time":"2026-09-05T06:23:32.678Z","event":"quiz.request","requestId":"7db17998-64d3-4830-9a09-da00151d775d","query":"二叉树的遍历：前序中序后序层序","bodyKeys":["query"]}
{"time":"2026-09-05T06:23:32.678Z","event":"quiz.llm.request","query":"二叉树的遍历：前序中序后序层序","model":"qwen-max","max_tokens":2048}
{"time":"2026-09-05T06:23:32.684Z","event":"request","id":"ebef286c-01cb-4ff4-9d5a-ec319fd3ece5","method":"GET","path":"/storage/audio/cw-099c2384-p9-s1.mp3","ms":1}
{"time":"2026-09-05T06:23:46.602Z","event":"quiz.llm.success","query":"二叉树的遍历：前序中序后序层序","ms":13924,"rawLength":765,"questions":3,"answers":[0,1,3],"usage":{"prompt_tokens":245,"completion_tokens":404,"total_tokens":649,"prompt_tokens_details":{"cached_tokens":0}}}
{"time":"2026-09-05T06:23:46.602Z","event":"quiz.done","requestId":"7db17998-64d3-4830-9a09-da00151d775d","query":"二叉树的遍历：前序中序后序层序","source":"llm","questions":3,"answers":[0,1,3],"ms":13924}
{"time":"2026-09-05T06:23:46.602Z","event":"request","id":"7db17998-64d3-4830-9a09-da00151d775d","method":"POST","path":"/api/v1/video/quiz","ms":13925}
{"time":"2026-09-05T06:24:02.380Z","event":"request","id":"76911291-bd1a-4f41-9259-cdd89c97fcd0","method":"GET","path":"/storage/audio/cw-099c2384-p0-s0.mp3","ms":1}
{"time":"2026-09-05T06:24:02.380Z","event":"request","id":"b736bd38-056f-4e87-8494-1aa8d89845e4","method":"GET","path":"/storage/audio/cw-099c2384-p0-s1.mp3","ms":1}
{"time":"2026-09-05T06:24:02.380Z","event":"request","id":"2dda4c01-6943-4158-8f07-86eb642489cf","method":"GET","path":"/storage/audio/cw-099c2384-p1-s0.mp3","ms":1}
{"time":"2026-09-05T06:24:03.707Z","event":"request","id":"9e7e65bc-0905-4e81-ad08-0785bdff8d85","method":"GET","path":"/storage/audio/cw-099c2384-p1-s0.mp3","ms":2}
{"time":"2026-09-05T06:24:03.707Z","event":"request","id":"4b1c2c6d-855b-41db-804f-4275ea414529","method":"GET","path":"/storage/audio/cw-099c2384-p0-s1.mp3","ms":2}
{"time":"2026-09-05T06:24:04.594Z","event":"request","id":"129bb0bd-1e76-4d5e-88e0-b88b12c09a2e","method":"GET","path":"/storage/audio/cw-099c2384-p2-s0.mp3","ms":1}
{"time":"2026-09-05T06:24:04.594Z","event":"request","id":"b1302d76-bfef-4a81-839d-991f5f9be424","method":"GET","path":"/storage/audio/cw-099c2384-p1-s2.mp3","ms":1}
{"time":"2026-09-05T06:24:04.594Z","event":"request","id":"4617a293-ea77-46f8-b38d-850961befa90","method":"GET","path":"/storage/audio/cw-099c2384-p1-s1.mp3","ms":1}
{"time":"2026-09-05T06:24:11.574Z","event":"request","id":"fec842fa-dd31-4b96-9990-b701653274a9","method":"GET","path":"/storage/audio/cw-099c2384-p1-s3.mp3","ms":1}
{"time":"2026-09-05T06:24:15.634Z","event":"request","id":"6fd633d6-0e61-439a-b74c-059e53a75006","method":"GET","path":"/storage/audio/cw-099c2384-p1-s4.mp3","ms":1}
{"time":"2026-09-05T06:24:20.533Z","event":"request","id":"81b6545a-88db-44b6-a95b-f65794bae37c","method":"GET","path":"/storage/audio/cw-099c2384-p1-s5.mp3","ms":0}
{"time":"2026-09-05T06:24:39.356Z","event":"request","id":"c70a6fcb-ca20-4b12-b855-432372ac2636","method":"GET","path":"/storage/audio/cw-099c2384-p1-s6.mp3","ms":1}
{"time":"2026-09-05T06:24:39.356Z","event":"request","id":"5f168b7f-3336-4189-b933-ebca82827545","method":"GET","path":"/storage/audio/cw-099c2384-p2-s0.mp3","ms":1}
{"time":"2026-09-05T06:24:39.356Z","event":"request","id":"65a1b2e8-f73c-470a-aed4-fc323bf04a2d","method":"GET","path":"/storage/audio/cw-099c2384-p1-s5.mp3","ms":1}
